image,caption
./assets/half-red-dragon-veteran.jpg,"The Half-Red Dragon Veteran is a humanoid. It has an Armor Class of 18 and 65 Hit Points. Its speed is walk: 30 ft.. Its characteristics are STR 16, DEX 13, CON 14, INT 10, WIS 11, and CHA 10. It has saving throw proficiencies in none. Damage resistances include fire, and condition immunities include none. Its senses are blindsight: 10 ft., darkvision: 60 ft., passive perception: 12 and it speaks Common, Draconic. It has a Challenge Rating of 5. Special traits include: . Actions available: Multiattack, The veteran makes two longsword attacks. If it has a shortsword drawn, it can also make a shortsword attack., Longsword, Melee Weapon Attack: +5 to hit, reach 5 ft., one target. Hit: 7 (1d8 + 3) slashing damage, or 8 (1d10 + 3) slashing damage if used with two hands., Shortsword, Melee Weapon Attack: +5 to hit, reach 5 ft., one target. Hit: 6 (1d6 + 3) piercing damage., Heavy Crossbow, Ranged Weapon Attack: +3 to hit, range 100/400 ft., one target. Hit: 6 (1d10 + 1) piercing damage., Fire Breath, The veteran exhales fire in a 15-foot cone. Each creature in that area must make a DC 15 Dexterity saving throw, taking 24 (7d6) fire damage on a failed save, or half as much damage on a successful one.."
./assets/zombie.jpg,"The Zombie is a undead. It has an Armor Class of 8 and 22 Hit Points. Its speed is walk: 20 ft.. Its characteristics are STR 13, DEX 6, CON 16, INT 3, WIS 6, and CHA 5. It has saving throw proficiencies in WIS. Damage resistances include none, and condition immunities include Poisoned. Its senses are darkvision: 60 ft., passive perception: 8 and it speaks understands all languages it spoke in life but can't speak. It has a Challenge Rating of 0.25. Special traits include: Undead Fortitude, If damage reduces the zombie to 0 hit points, it must make a Constitution saving throw with a DC of 5+the damage taken, unless the damage is radiant or from a critical hit. On a success, the zombie drops to 1 hit point instead.. Actions available: Slam, Melee Weapon Attack: +3 to hit, reach 5 ft., one target. Hit: 4 (1d6 + 1) bludgeoning damage.."
./assets/oni.jpg,"The Oni is a giant. It has an Armor Class of 16 and 110 Hit Points. Its speed is walk: 30 ft., fly: 30 ft.. Its characteristics are STR 19, DEX 11, CON 16, INT 14, WIS 12, and CHA 15. It has saving throw proficiencies in DEX, CON, WIS, CHA. Damage resistances include none, and condition immunities include none. Its senses are darkvision: 60 ft., passive perception: 14 and it speaks Common, Giant. It has a Challenge Rating of 7. Special traits include: Innate Spellcasting, The oni's innate spellcasting ability is Charisma (spell save DC 13). The oni can innately cast the following spells, requiring no material components:

At will: darkness, invisibility
1/day each: charm person, cone of cold, gaseous form, sleep, Magic Weapons, The oni's weapon attacks are magical., Regeneration, The oni regains 10 hit points at the start of its turn if it has at least 1 hit point.. Actions available: Multiattack, The oni makes two attacks, either with its claws or its glaive., Claw (Oni Form Only), Melee Weapon Attack: +7 to hit, reach 5 ft., one target. Hit: 8 (1d8 + 4) slashing damage., Glaive, Melee Weapon Attack: +7 to hit, reach 10 ft., one target. Hit: 15 (2d10 + 4) slashing damage, or 9 (1d10 + 4) slashing damage in Small or Medium form., Change Shape, The oni magically polymorphs into a Small or Medium humanoid, into a Large giant, or back into its true form. Other than its size, its statistics are the same in each form. The only equipment that is transformed is its glaive, which shrinks so that it can be wielded in humanoid form. If the oni dies, it reverts to its true form, and its glaive reverts to its normal size.."
./assets/adult-blue-dragon.jpg,"The Adult Blue Dragon is a dragon. It has an Armor Class of 19 and 225 Hit Points. Its speed is walk: 40 ft., burrow: 30 ft., fly: 80 ft.. Its characteristics are STR 25, DEX 10, CON 23, INT 16, WIS 15, and CHA 19. It has saving throw proficiencies in DEX, CON, WIS, CHA. Damage resistances include none, and condition immunities include none. Its senses are blindsight: 60 ft., darkvision: 120 ft., passive perception: 22 and it speaks Common, Draconic. It has a Challenge Rating of 16. Special traits include: Legendary Resistance, If the dragon fails a saving throw, it can choose to succeed instead.. Actions available: Multiattack, The dragon can use its Frightful Presence. It then makes three attacks: one with its bite and two with its claws., Bite, Melee Weapon Attack: +12 to hit, reach 10 ft., one target. Hit: 18 (2d10 + 7) piercing damage plus 5 (1d10) lightning damage., Claw, Melee Weapon Attack: +12 to hit, reach 5 ft., one target. Hit: 14 (2d6 + 7) slashing damage., Tail, Melee Weapon Attack: +12 to hit, reach 15 ft., one target. Hit: 16 (2d8 + 7) bludgeoning damage., Frightful Presence, Each creature of the dragon's choice that is within 120 ft. of the dragon and aware of it must succeed on a DC 17 Wisdom saving throw or become frightened for 1 minute. A creature can repeat the saving throw at the end of each of its turns, ending the effect on itself on a success. If a creature's saving throw is successful or the effect ends for it, the creature is immune to the dragon's Frightful Presence for the next 24 hours., Lightning Breath, The dragon exhales lightning in a 90-foot line that is 5 ft. wide. Each creature in that line must make a DC 19 Dexterity saving throw, taking 66 (12d10) lightning damage on a failed save, or half as much damage on a successful one.."
./assets/kobold.jpg,"The Kobold is a humanoid. It has an Armor Class of 12 and 5 Hit Points. Its speed is walk: 30 ft.. Its characteristics are STR 7, DEX 15, CON 9, INT 8, WIS 7, and CHA 8. It has saving throw proficiencies in none. Damage resistances include none, and condition immunities include none. Its senses are darkvision: 60 ft., passive perception: 8 and it speaks Common, Draconic. It has a Challenge Rating of 0.125. Special traits include: Sunlight Sensitivity, While in sunlight, the kobold has disadvantage on attack rolls, as well as on Wisdom (Perception) checks that rely on sight., Pack Tactics, The kobold has advantage on an attack roll against a creature if at least one of the kobold's allies is within 5 ft. of the creature and the ally isn't incapacitated.. Actions available: Dagger, Melee Weapon Attack: +4 to hit, reach 5 ft., one target. Hit: 4 (1d4 + 2) piercing damage., Sling, Ranged Weapon Attack: +4 to hit, range 30/120 ft., one target. Hit: 4 (1d4 + 2) bludgeoning damage.."
./assets/flying-sword.jpg,"The Flying Sword is a construct. It has an Armor Class of 17 and 17 Hit Points. Its speed is walk: 0 ft., fly: 50 ft., hover: True. Its characteristics are STR 12, DEX 15, CON 11, INT 1, WIS 5, and CHA 1. It has saving throw proficiencies in DEX. Damage resistances include none, and condition immunities include Blinded, Charmed, Blinded, Frightened, Paralyzed, Petrified, Poisoned. Its senses are blindsight: 60 ft. (blind beyond this radius), passive perception: 7 and it speaks none. It has a Challenge Rating of 0.25. Special traits include: Antimagic Susceptibility, The sword is incapacitated while in the area of an antimagic field. If targeted by dispel magic, the sword must succeed on a Constitution saving throw against the caster's spell save DC or fall unconscious for 1 minute., False Appearance, While the sword remains motionless and isn't flying, it is indistinguishable from a normal sword.. Actions available: Longsword, Melee Weapon Attack: +3 to hit, reach 5 ft., one target. Hit: 5 (1d8 + 1) slashing damage.."
./assets/night-hag.jpg,"The Night Hag is a fiend. It has an Armor Class of 17 and 112 Hit Points. Its speed is walk: 30 ft.. Its characteristics are STR 18, DEX 15, CON 16, INT 16, WIS 14, and CHA 16. It has saving throw proficiencies in none. Damage resistances include cold, fire, bludgeoning, piercing, and slashing from nonmagical weapons that aren't silvered, and condition immunities include Charmed. Its senses are darkvision: 120 ft., passive perception: 16 and it speaks Abyssal, Common, Infernal, Primordial. It has a Challenge Rating of 5. Special traits include: Innate Spellcasting, The hag's innate spellcasting ability is Charisma (spell save DC 14, +6 to hit with spell attacks). She can innately cast the following spells, requiring no material components:

At will: detect magic, magic missile
2/day each: plane shift (self only), ray of enfeeblement, sleep, Magic Resistance, The hag has advantage on saving throws against spells and other magical effects., Night Hag Items, A night hag carries two very rare magic items that she must craft for herself If either object is lost, the night hag will go to great lengths to retrieve it, as creating a new tool takes time and effort.
Heartstone: This lustrous black gem allows a night hag to become ethereal while it is in her possession. The touch of a heartstone also cures any disease. Crafting a heartstone takes 30 days.
Soul Bag: When an evil humanoid dies as a result of a night hag's Nightmare Haunting, the hag catches the soul in this black sack made of stitched flesh. A soul bag can hold only one evil soul at a time, and only the night hag who crafted the bag can catch a soul with it. Crafting a soul bag takes 7 days and a humanoid sacrifice (whose flesh is used to make the bag).. Actions available: Claws (Hag Form Only), Melee Weapon Attack: +7 to hit, reach 5 ft., one target. Hit: 13 (2d8 + 4) slashing damage., Change Shape, The hag magically polymorphs into a Small or Medium female humanoid, or back into her true form. Her statistics are the same in each form. Any equipment she is wearing or carrying isn't transformed. She reverts to her true form if she dies., Etherealness, The hag magically enters the Ethereal Plane from the Material Plane, or vice versa. To do so, the hag must have a heartstone in her possession., Nightmare Haunting, While on the Ethereal Plane, the hag magically touches a sleeping humanoid on the Material Plane. A protection from evil and good spell cast on the target prevents this contact, as does a magic circle. As long as the contact persists, the target has dreadful visions. If these visions last for at least 1 hour, the target gains no benefit from its rest, and its hit point maximum is reduced by 5 (1d10). If this effect reduces the target's hit point maximum to 0, the target dies, and if the target was evil, its soul is trapped in the hag's soul bag. The reduction to the target's hit point maximum lasts until removed by the greater restoration spell or similar magic.."
./assets/raven.jpg,"The Raven is a beast. It has an Armor Class of 12 and 1 Hit Points. Its speed is walk: 10 ft., fly: 50 ft.. Its characteristics are STR 2, DEX 14, CON 8, INT 2, WIS 12, and CHA 6. It has saving throw proficiencies in none. Damage resistances include none, and condition immunities include none. Its senses are passive perception: 13 and it speaks none. It has a Challenge Rating of 0. Special traits include: Mimicry, The raven can mimic simple sounds it has heard, such as a person whispering, a baby crying, or an animal chittering. A creature that hears the sounds can tell they are imitations with a successful DC 10 Wisdom (Insight) check.. Actions available: Beak, Melee Weapon Attack: +4 to hit, reach 5 ft., one target. Hit: 1 piercing damage.."
./assets/axe-beak.jpg,"The Axe Beak is a beast. It has an Armor Class of 11 and 19 Hit Points. Its speed is walk: 50 ft.. Its characteristics are STR 14, DEX 12, CON 12, INT 2, WIS 10, and CHA 5. It has saving throw proficiencies in none. Damage resistances include none, and condition immunities include none. Its senses are passive perception: 10 and it speaks none. It has a Challenge Rating of 0.25. Special traits include: . Actions available: Beak, Melee Weapon Attack: +4 to hit, reach 5 ft., one target. Hit: 6 (1d8 + 2) slashing damage.."
./assets/grick.jpg,"The Grick is a monstrosity. It has an Armor Class of 14 and 27 Hit Points. Its speed is walk: 30 ft., climb: 30 ft.. Its characteristics are STR 14, DEX 14, CON 11, INT 3, WIS 14, and CHA 5. It has saving throw proficiencies in none. Damage resistances include bludgeoning, piercing, and slashing from nonmagical weapons, and condition immunities include none. Its senses are darkvision: 60 ft., passive perception: 12 and it speaks none. It has a Challenge Rating of 2. Special traits include: Stone Camouflage, The grick has advantage on Dexterity (Stealth) checks made to hide in rocky terrain.. Actions available: Multiattack, The grick makes one attack with its tentacles. If that attack hits, the grick can make one beak attack against the same target., Tentacles, Melee Weapon Attack: +4 to hit, reach 5 ft., one target. Hit: 9 (2d6 + 2) slashing damage., Beak, Melee Weapon Attack: +4 to hit, reach 5 ft., one target. Hit: 5 (1d6 + 2) piercing damage.."
./assets/unicorn.jpg,"The Unicorn is a celestial. It has an Armor Class of 12 and 67 Hit Points. Its speed is walk: 50 ft.. Its characteristics are STR 18, DEX 14, CON 15, INT 11, WIS 17, and CHA 16. It has saving throw proficiencies in none. Damage resistances include none, and condition immunities include Charmed, Paralyzed, Poisoned. Its senses are darkvision: 60 ft., passive perception: 13 and it speaks Celestial, Elvish, Sylvan, telepathy 60 ft.. It has a Challenge Rating of 5. Special traits include: Charge, If the unicorn moves at least 20 ft. straight toward a target and then hits it with a horn attack on the same turn, the target takes an extra 9 (2d8) piercing damage. If the target is a creature, it must succeed on a DC 15 Strength saving throw or be knocked prone., Innate Spellcasting, The unicorn's innate spellcasting ability is Charisma (spell save DC 14). The unicorn can innately cast the following spells, requiring no components:

At will: detect evil and good, druidcraft, pass without trace
1/day each: calm emotions, dispel evil and good, entangle, Magic Resistance, The unicorn has advantage on saving throws against spells and other magical effects., Magic Weapons, The unicorn's weapon attacks are magical.. Actions available: Multiattack, The unicorn makes two attacks: one with its hooves and one with its horn., Hooves, Melee Weapon Attack: +7 to hit, reach 5 ft., one target. Hit: 11 (2d6 + 4) bludgeoning damage., Horn, Melee Weapon Attack: +7 to hit, reach 5 ft., one target. Hit: 8 (1d8 + 4) piercing damage., Healing Touch, The unicorn touches another creature with its horn. The target magically regains 11 (2d8 + 2) hit points. In addition, the touch removes all diseases and neutralizes all poisons afflicting the target., Teleport, The unicorn magically teleports itself and up to three willing creatures it can see within 5 ft. of it, along with any equipment they are wearing or carrying, to a location the unicorn is familiar with, up to 1 mile away.."
./assets/flying-snake.jpg,"The Flying Snake is a beast. It has an Armor Class of 14 and 5 Hit Points. Its speed is walk: 30 ft., fly: 60 ft., swim: 30 ft.. Its characteristics are STR 4, DEX 18, CON 11, INT 2, WIS 12, and CHA 5. It has saving throw proficiencies in none. Damage resistances include none, and condition immunities include none. Its senses are blindsight: 10 ft., passive perception: 11 and it speaks none. It has a Challenge Rating of 0.125. Special traits include: Flyby, The snake doesn't provoke opportunity attacks when it flies out of an enemy's reach.. Actions available: Bite, Melee Weapon Attack: +6 to hit, reach 5 ft., one target. Hit: 1 piercing damage plus 7 (3d4) poison damage.."
./assets/basilisk.jpg,"The Basilisk is a monstrosity. It has an Armor Class of 12 and 52 Hit Points. Its speed is walk: 20 ft.. Its characteristics are STR 16, DEX 8, CON 15, INT 2, WIS 8, and CHA 7. It has saving throw proficiencies in none. Damage resistances include none, and condition immunities include none. Its senses are darkvision: 60 ft., passive perception: 9 and it speaks none. It has a Challenge Rating of 3. Special traits include: Petrifying Gaze, If a creature starts its turn within 30 ft. of the basilisk and the two of them can see each other, the basilisk can force the creature to make a DC 12 Constitution saving throw if the basilisk isn't incapacitated. On a failed save, the creature magically begins to turn to stone and is restrained. It must repeat the saving throw at the end of its next turn. On a success, the effect ends. On a failure, the creature is petrified until freed by the greater restoration spell or other magic.
A creature that isn't surprised can avert its eyes to avoid the saving throw at the start of its turn. If it does so, it can't see the basilisk until the start of its next turn, when it can avert its eyes again. If it looks at the basilisk in the meantime, it must immediately make the save.
If the basilisk sees its reflection within 30 ft. of it in bright light, it mistakes itself for a rival and targets itself with its gaze.. Actions available: Bite, Melee Weapon Attack: +5 to hit, reach 5 ft., one target. Hit: 10 (2d6 + 3) piercing damage plus 7 (2d6) poison damage.."
./assets/tarrasque.jpg,"The Tarrasque is a monstrosity. It has an Armor Class of 25 and 676 Hit Points. Its speed is walk: 40 ft.. Its characteristics are STR 30, DEX 11, CON 30, INT 3, WIS 11, and CHA 11. It has saving throw proficiencies in INT, WIS, CHA. Damage resistances include none, and condition immunities include Charmed, Frightened, Paralyzed, Poisoned. Its senses are blindsight: 120 ft., passive perception: 10 and it speaks none. It has a Challenge Rating of 30. Special traits include: Legendary Resistance, If the tarrasque fails a saving throw, it can choose to succeed instead., Magic Resistance, The tarrasque has advantage on saving throws against spells and other magical effects., Reflective Carapace, Any time the tarrasque is targeted by a magic missile spell, a line spell, or a spell that requires a ranged attack roll, roll a d6. On a 1 to 5, the tarrasque is unaffected. On a 6, the tarrasque is unaffected, and the effect is reflected back at the caster as though it originated from the tarrasque, turning the caster into the target., Siege Monster, The tarrasque deals double damage to objects and structures.. Actions available: Multiattack, The tarrasque can use its Frightful Presence. It then makes five attacks: one with its bite, two with its claws, one with its horns, and one with its tail. It can use its Swallow instead of its bite., Bite, Melee Weapon Attack: +19 to hit, reach 10 ft., one target. Hit: 36 (4d12 + 10) piercing damage. If the target is a creature, it is grappled (escape DC 20). Until this grapple ends, the target is restrained, and the tarrasque can't bite another target., Claw, Melee Weapon Attack: +19 to hit, reach 15 ft., one target. Hit: 28 (4d8 + 10) slashing damage., Horns, Melee Weapon Attack: +19 to hit, reach 10 ft., one target. Hit: 32 (4d10 + 10) piercing damage., Tail, Melee Weapon Attack: +19 to hit, reach 20 ft., one target. Hit: 24 (4d6 + 10) bludgeoning damage. If the target is a creature, it must succeed on a DC 20 Strength saving throw or be knocked prone., Frightful Presence, Each creature of the tarrasque's choice within 120 feet of it and aware of it must succeed on a DC 17 Wisdom saving throw or become frightened for 1 minute. A creature can repeat the saving throw at the end of each of its turns, with disadvantage if the tarrasque is within line of sight, ending the effect on itself on a success. If a creature's saving throw is successful or the effect ends for it, the creature is immune to the tarrasque's Frightful Presence for the next 24 hours., Swallow, The tarrasque makes one bite attack against a Large or smaller creature it is grappling. If the attack hits, the target takes the bite's damage, the target is swallowed, and the grapple ends. While swallowed, the creature is blinded and restrained, it has total cover against attacks and other effects outside the tarrasque, and it takes 56 (16d6) acid damage at the start of each of the tarrasque's turns.
If the tarrasque takes 60 damage or more on a single turn from a creature inside it, the tarrasque must succeed on a DC 20 Constitution saving throw at the end of that turn or regurgitate all swallowed creatures, which fall prone in a space within 10 feet of the tarrasque. If the tarrasque dies, a swallowed creature is no longer restrained by it and can escape from the corpse by using 30 feet of movement, exiting prone.."
./assets/bone-devil.jpg,"The Bone Devil is a fiend. It has an Armor Class of 19 and 142 Hit Points. Its speed is walk: 40 ft., fly: 40 ft.. Its characteristics are STR 18, DEX 16, CON 18, INT 13, WIS 14, and CHA 16. It has saving throw proficiencies in INT, WIS, CHA. Damage resistances include cold, bludgeoning, piercing, and slashing from nonmagical weapons that aren't silvered, and condition immunities include Poisoned. Its senses are darkvision: 120 ft., passive perception: 12 and it speaks Infernal, telepathy 120 ft.. It has a Challenge Rating of 9. Special traits include: Devil's Sight, Magical darkness doesn't impede the devil's darkvision., Magic Resistance, The devil has advantage on saving throws against spells and other magical effects.. Actions available: Multiattack, The devil makes three attacks: two with its claws and one with its sting., Claw, Melee Weapon Attack: +8 to hit, reach 10 ft., one target. Hit: 8 (1d8 + 4) slashing damage., Sting, Melee Weapon Attack: +8 to hit, reach 10 ft., one target. Hit: 13 (2d8 + 4) piercing damage plus 17 (5d6) poison damage, and the target must succeed on a DC 14 Constitution saving throw or become poisoned for 1 minute. The target can repeat the saving throw at the end of each of its turns, ending the effect on itself on a success.."
./assets/rat.jpg,"The Rat is a beast. It has an Armor Class of 10 and 1 Hit Points. Its speed is walk: 20 ft.. Its characteristics are STR 2, DEX 11, CON 9, INT 2, WIS 10, and CHA 4. It has saving throw proficiencies in none. Damage resistances include none, and condition immunities include none. Its senses are darkvision: 30 ft., passive perception: 10 and it speaks none. It has a Challenge Rating of 0. Special traits include: Keen Smell, The rat has advantage on Wisdom (Perception) checks that rely on smell.. Actions available: Bite, Melee Weapon Attack: +0 to hit, reach 5 ft., one target. Hit: 1 piercing damage.."
./assets/shambling-mound.jpg,"The Shambling Mound is a plant. It has an Armor Class of 15 and 136 Hit Points. Its speed is walk: 20 ft., swim: 20 ft.. Its characteristics are STR 18, DEX 8, CON 16, INT 5, WIS 10, and CHA 5. It has saving throw proficiencies in none. Damage resistances include cold, fire, and condition immunities include Blinded, Blinded, Exhaustion. Its senses are blindsight: 60 ft. (blind beyond this radius), passive perception: 10 and it speaks none. It has a Challenge Rating of 5. Special traits include: Lightning Absorption, Whenever the shambling mound is subjected to lightning damage, it takes no damage and regains a number of hit points equal to the lightning damage dealt.. Actions available: Multiattack, The shambling mound makes two slam attacks. If both attacks hit a Medium or smaller target, the target is grappled (escape DC 14), and the shambling mound uses its Engulf on it., Slam, Melee Weapon Attack: +7 to hit, reach 5 ft., one target. Hit: 13 (2d8 + 4) bludgeoning damage., Engulf, The shambling mound engulfs a Medium or smaller creature grappled by it. The engulfed target is blinded, restrained, and unable to breathe, and it must succeed on a DC 14 Constitution saving throw at the start of each of the mound's turns or take 13 (2d8 + 4) bludgeoning damage. If the mound moves, the engulfed target moves with it. The mound can have only one creature engulfed at a time.."
./assets/magma-mephit.jpg,"The Magma Mephit is a elemental. It has an Armor Class of 11 and 22 Hit Points. Its speed is walk: 30 ft., fly: 30 ft.. Its characteristics are STR 8, DEX 12, CON 12, INT 7, WIS 10, and CHA 10. It has saving throw proficiencies in none. Damage resistances include none, and condition immunities include Poisoned. Its senses are darkvision: 60 ft., passive perception: 10 and it speaks Ignan, Terran. It has a Challenge Rating of 0.5. Special traits include: Death Burst, When the mephit dies, it explodes in a burst of lava. Each creature within 5 ft. of it must make a DC 11 Dexterity saving throw, taking 7 (2d6) fire damage on a failed save, or half as much damage on a successful one., False Appearance, While the mephit remains motionless, it is indistinguishable from an ordinary mound of magma., Innate Spellcasting, The mephit can innately cast heat metal (spell save DC 10), requiring no material components. Its innate spellcasting ability is Charisma.. Actions available: Claws, Melee Weapon Attack: +3 to hit, reach 5 ft., one creature. Hit: 3 (1d4 + 1) slashing damage plus 2 (1d4) fire damage., Fire Breath, The mephit exhales a 15-foot cone of fire. Each creature in that area must make a DC 11 Dexterity saving throw, taking 7 (2d6) fire damage on a failed save, or half as much damage on a successful one.."
./assets/storm-giant.jpg,"The Storm Giant is a giant. It has an Armor Class of 16 and 230 Hit Points. Its speed is walk: 50 ft., swim: 50 ft.. Its characteristics are STR 29, DEX 14, CON 20, INT 16, WIS 18, and CHA 18. It has saving throw proficiencies in STR, CON, WIS, CHA. Damage resistances include cold, and condition immunities include none. Its senses are passive perception: 19 and it speaks Common, Giant. It has a Challenge Rating of 13. Special traits include: Amphibious, The giant can breathe air and water., Innate Spellcasting, The giant's innate spellcasting ability is Charisma (spell save DC 17). It can innately cast the following spells, requiring no material components:

At will: detect magic, feather fall, levitate, light
3/day each: control weather, water breathing. Actions available: Multiattack, The giant makes two greatsword attacks., Greatsword, Melee Weapon Attack: +14 to hit, reach 10 ft., one target. Hit: 30 (6d6 + 9) slashing damage., Rock, Ranged Weapon Attack: +14 to hit, range 60/240 ft., one target. Hit: 35 (4d12 + 9) bludgeoning damage., Lightning Strike, The giant hurls a magical lightning bolt at a point it can see within 500 feet of it. Each creature within 10 feet of that point must make a DC 17 Dexterity saving throw, taking 54 (12d8) lightning damage on a failed save, or half as much damage on a successful one.."
./assets/gargoyle.jpg,"The Gargoyle is a elemental. It has an Armor Class of 15 and 52 Hit Points. Its speed is walk: 30 ft., fly: 60 ft.. Its characteristics are STR 15, DEX 11, CON 16, INT 6, WIS 11, and CHA 7. It has saving throw proficiencies in none. Damage resistances include bludgeoning, piercing, and slashing from nonmagical weapons that aren't adamantine, and condition immunities include Exhaustion, Petrified, Poisoned. Its senses are darkvision: 60 ft., passive perception: 10 and it speaks Terran. It has a Challenge Rating of 2. Special traits include: False Appearance, While the gargoyle remains motion less, it is indistinguishable from an inanimate statue.. Actions available: Multiattack, The gargoyle makes two attacks: one with its bite and one with its claws., Bite, Melee Weapon Attack: +4 to hit, reach 5 ft., one target. Hit: 5 (1d6 + 2) piercing damage., Claws, Melee Weapon Attack: +4 to hit, reach 5 ft., one target. Hit: 5 (1d6 + 2) slashing damage.."
./assets/otyugh.jpg,"The Otyugh is a aberration. It has an Armor Class of 14 and 114 Hit Points. Its speed is walk: 30 ft.. Its characteristics are STR 16, DEX 11, CON 19, INT 6, WIS 13, and CHA 6. It has saving throw proficiencies in CON. Damage resistances include none, and condition immunities include none. Its senses are darkvision: 120 ft., passive perception: 11 and it speaks Otyugh. It has a Challenge Rating of 5. Special traits include: Limited Telepathy, The otyugh can magically transmit simple messages and images to any creature within 120 ft. of it that can understand a language. This form of telepathy doesn't allow the receiving creature to telepathically respond.. Actions available: Multiattack, The otyugh makes three attacks: one with its bite and two with its tentacles., Bite, Melee Weapon Attack: +6 to hit, reach 5 ft., one target. Hit: 12 (2d8 + 3) piercing damage. If the target is a creature, it must succeed on a DC 15 Constitution saving throw against disease or become poisoned until the disease is cured. Every 24 hours that elapse, the target must repeat the saving throw, reducing its hit point maximum by 5 (1d10) on a failure. The disease is cured on a success. The target dies if the disease reduces its hit point maximum to 0. This reduction to the target's hit point maximum lasts until the disease is cured., Tentacle, Melee Weapon Attack: +6 to hit, reach 10 ft., one target. Hit: 7 (1d8 + 3) bludgeoning damage plus 4 (1d8) piercing damage. If the target is Medium or smaller, it is grappled (escape DC 13) and restrained until the grapple ends. The otyugh has two tentacles, each of which can grapple one target., Tentacle Slam, The otyugh slams creatures grappled by it into each other or a solid surface. Each creature must succeed on a DC 14 Constitution saving throw or take 10 (2d6 + 3) bludgeoning damage and be stunned until the end of the otyugh's next turn. On a successful save, the target takes half the bludgeoning damage and isn't stunned.."
./assets/frost-giant.jpg,"The Frost Giant is a giant. It has an Armor Class of 15 and 138 Hit Points. Its speed is walk: 40 ft.. Its characteristics are STR 23, DEX 9, CON 21, INT 9, WIS 10, and CHA 12. It has saving throw proficiencies in CON, WIS, CHA. Damage resistances include none, and condition immunities include none. Its senses are passive perception: 13 and it speaks Giant. It has a Challenge Rating of 8. Special traits include: . Actions available: Multiattack, The giant makes two greataxe attacks., Greataxe, Melee Weapon Attack: +9 to hit, reach 10 ft., one target. Hit: 25 (3d12 + 6) slashing damage., Rock, Ranged Weapon Attack: +9 to hit, range 60/240 ft., one target. Hit: 28 (4d10 + 6) bludgeoning damage.."
./assets/ancient-green-dragon.jpg,"The Ancient Green Dragon is a dragon. It has an Armor Class of 21 and 385 Hit Points. Its speed is walk: 40 ft., fly: 80 ft., swim: 40 ft.. Its characteristics are STR 27, DEX 12, CON 25, INT 20, WIS 17, and CHA 19. It has saving throw proficiencies in DEX, CON, WIS, CHA. Damage resistances include none, and condition immunities include Poisoned. Its senses are blindsight: 60 ft., darkvision: 120 ft., passive perception: 27 and it speaks Common, Draconic. It has a Challenge Rating of 22. Special traits include: Amphibious, The dragon can breathe air and water., Legendary Resistance, If the dragon fails a saving throw, it can choose to succeed instead.. Actions available: Multiattack, The dragon can use its Frightful Presence. It then makes three attacks: one with its bite and two with its claws., Bite, Melee Weapon Attack: +15 to hit, reach 15 ft., one target. Hit: 19 (2d10 + 8) piercing damage plus 10 (3d6) poison damage., Claw, Melee Weapon Attack: +15 to hit, reach 10 ft., one target. Hit: 22 (4d6 + 8) slashing damage., Tail, Melee Weapon Attack: +15 to hit, reach 20 ft., one target. Hit: 17 (2d8 + 8) bludgeoning damage., Frightful Presence, Each creature of the dragon's choice that is within 120 feet of the dragon and aware of it must succeed on a DC 19 Wisdom saving throw or become frightened for 1 minute. A creature can repeat the saving throw at the end of each of its turns, ending the effect on itself on a success. If a creature's saving throw is successful or the effect ends for it, the creature is immune to the dragon's Frightful Presence for the next 24 hours., Poison Breath, The dragon exhales poisonous gas in a 90-foot cone. Each creature in that area must make a DC 22 Constitution saving throw, taking 77 (22d6) poison damage on a failed save, or half as much damage on a successful one.."
./assets/grimlock.jpg,"The Grimlock is a humanoid. It has an Armor Class of 11 and 11 Hit Points. Its speed is walk: 30 ft.. Its characteristics are STR 16, DEX 12, CON 12, INT 9, WIS 8, and CHA 6. It has saving throw proficiencies in none. Damage resistances include none, and condition immunities include Blinded. Its senses are blindsight: 30 ft. or 10 ft. while deafened (blind beyond this radius), passive perception: 13 and it speaks Undercommon. It has a Challenge Rating of 0.25. Special traits include: Blind Senses, The grimlock can't use its blindsight while deafened and unable to smell., Keen Hearing and Smell, The grimlock has advantage on Wisdom (Perception) checks that rely on hearing or smell., Stone Camouflage, The grimlock has advantage on Dexterity (Stealth) checks made to hide in rocky terrain.. Actions available: Spiked Bone Club, Melee Weapon Attack: +5 to hit, reach 5 ft., one target. Hit: 5 (1d4 + 3) bludgeoning damage plus 2 (1d4) piercing damage.."
./assets/gnoll.jpg,"The Gnoll is a humanoid. It has an Armor Class of 15 and 22 Hit Points. Its speed is walk: 30 ft.. Its characteristics are STR 14, DEX 12, CON 11, INT 6, WIS 10, and CHA 7. It has saving throw proficiencies in none. Damage resistances include none, and condition immunities include none. Its senses are darkvision: 60 ft., passive perception: 10 and it speaks Gnoll. It has a Challenge Rating of 0.5. Special traits include: Rampage, When the gnoll reduces a creature to 0 hit points with a melee attack on its turn, the gnoll can take a bonus action to move up to half its speed and make a bite attack.. Actions available: Bite, Melee Weapon Attack: +4 to hit, reach 5 ft., one creature. Hit: 4 (1d4 + 2) piercing damage., Spear, Melee or Ranged Weapon Attack: +4 to hit, reach 5 ft. or range 20/60 ft., one target. Hit: 5 (1d6 + 2) piercing damage, or 6 (1d8 + 2) piercing damage if used with two hands to make a melee attack., Longbow, Ranged Weapon Attack: +3 to hit, range 150/600 ft., one target. Hit: 5 (1d8 + 1) piercing damage.."
./assets/death-dog.jpg,"The Death Dog is a monstrosity. It has an Armor Class of 12 and 39 Hit Points. Its speed is walk: 40 ft.. Its characteristics are STR 15, DEX 14, CON 14, INT 3, WIS 13, and CHA 6. It has saving throw proficiencies in none. Damage resistances include none, and condition immunities include none. Its senses are darkvision: 120 ft., passive perception: 15 and it speaks none. It has a Challenge Rating of 1. Special traits include: Two-Headed, The dog has advantage on Wisdom (Perception) checks and on saving throws against being blinded, charmed, deafened, frightened, stunned, or knocked unconscious.. Actions available: Multiattack, The dog makes two bite attacks., Bite, Melee Weapon Attack: +4 to hit, reach 5 ft., one target. Hit: 5 (1d6 + 2) piercing damage. If the target is a creature, it must succeed on a DC 12 Constitution saving throw against disease or become poisoned until the disease is cured. Every 24 hours that elapse, the creature must repeat the saving throw, reducing its hit point maximum by 5 (1d10) on a failure. This reduction lasts until the disease is cured. The creature dies if the disease reduces its hit point maximum to 0.."
./assets/orc.jpg,"The Orc is a humanoid. It has an Armor Class of 13 and 15 Hit Points. Its speed is walk: 30 ft.. Its characteristics are STR 16, DEX 12, CON 16, INT 7, WIS 11, and CHA 10. It has saving throw proficiencies in none. Damage resistances include none, and condition immunities include none. Its senses are darkvision: 60 ft., passive perception: 10 and it speaks Common, Orc. It has a Challenge Rating of 0.5. Special traits include: Aggressive, As a bonus action, the orc can move up to its speed toward a hostile creature that it can see.. Actions available: Greataxe, Melee Weapon Attack: +5 to hit, reach 5 ft., one target. Hit: 9 (1d12 + 3) slashing damage., Javelin, Melee or Ranged Weapon Attack: +5 to hit, reach 5 ft. or range 30/120 ft., one target. Hit: 6 (1d6 + 3) piercing damage.."
./assets/giant-spider.jpg,"The Giant Spider is a beast. It has an Armor Class of 14 and 26 Hit Points. Its speed is walk: 30 ft., climb: 30 ft.. Its characteristics are STR 14, DEX 16, CON 12, INT 2, WIS 11, and CHA 4. It has saving throw proficiencies in none. Damage resistances include none, and condition immunities include none. Its senses are blindsight: 10 ft., darkvision: 60 ft., passive perception: 10 and it speaks none. It has a Challenge Rating of 1. Special traits include: Spider Climb, The spider can climb difficult surfaces, including upside down on ceilings, without needing to make an ability check., Web Sense, While in contact with a web, the spider knows the exact location of any other creature in contact with the same web., Web Walker, The spider ignores movement restrictions caused by webbing.. Actions available: Bite, Melee Weapon Attack: +5 to hit, reach 5 ft., one creature. Hit: 7 (1d8 + 3) piercing damage, and the target must make a DC 11 Constitution saving throw, taking 9 (2d8) poison damage on a failed save, or half as much damage on a successful one. If the poison damage reduces the target to 0 hit points, the target is stable but poisoned for 1 hour, even after regaining hit points, and is paralyzed while poisoned in this way., Web, Ranged Weapon Attack: +5 to hit, range 30/60 ft., one creature. Hit: The target is restrained by webbing. As an action, the restrained target can make a DC 12 Strength check, bursting the webbing on a success. The webbing can also be attacked and destroyed (AC 10; hp 5; vulnerability to fire damage; immunity to bludgeoning, poison, and psychic damage).."
./assets/vampire-spawn.jpg,"The Vampire Spawn is a undead. It has an Armor Class of 15 and 82 Hit Points. Its speed is walk: 30 ft.. Its characteristics are STR 16, DEX 16, CON 16, INT 11, WIS 10, and CHA 12. It has saving throw proficiencies in DEX, WIS. Damage resistances include necrotic, bludgeoning, piercing, and slashing from nonmagical weapons, and condition immunities include none. Its senses are darkvision: 60 ft., passive perception: 13 and it speaks the languages it knew in life. It has a Challenge Rating of 5. Special traits include: Regeneration, The vampire regains 10 hit points at the start of its turn if it has at least 1 hit point and isn't in sunlight or running water. If the vampire takes radiant damage or damage from holy water, this trait doesn't function at the start of the vampire's next turn., Spider Climb, The vampire can climb difficult surfaces, including upside down on ceilings, without needing to make an ability check., Vampire Weaknesses, The vampire has the following flaws:
Forbiddance. The vampire can't enter a residence without an invitation from one of the occupants.
Harmed by Running Water. The vampire takes 20 acid damage when it ends its turn in running water.
Stake to the Heart. The vampire is destroyed if a piercing weapon made of wood is driven into its heart while it is incapacitated in its resting place.
Sunlight Hypersensitivity. The vampire takes 20 radiant damage when it starts its turn in sunlight. While in sunlight, it has disadvantage on attack rolls and ability checks.. Actions available: Multiattack, The vampire makes two attacks, only one of which can be a bite attack., Bite, Melee Weapon Attack: +6 to hit, reach 5 ft., one willing creature, or a creature that is grappled by the vampire, incapacitated, or restrained. Hit: 6 (1d6 + 3) piercing damage plus 7 (2d6) necrotic damage. The target's hit point maximum is reduced by an amount equal to the necrotic damage taken, and the vampire regains hit points equal to that amount. The reduction lasts until the target finishes a long rest. The target dies if this effect reduces its hit point maximum to 0., Claws, Melee Weapon Attack: +6 to hit, reach 5 ft., one creature. Hit: 8 (2d4 + 3) slashing damage. Instead of dealing damage, the vampire can grapple the target (escape DC 13).."
./assets/minotaur.jpg,"The Minotaur is a monstrosity. It has an Armor Class of 14 and 76 Hit Points. Its speed is walk: 40 ft.. Its characteristics are STR 18, DEX 11, CON 16, INT 6, WIS 16, and CHA 9. It has saving throw proficiencies in none. Damage resistances include none, and condition immunities include none. Its senses are darkvision: 60 ft., passive perception: 17 and it speaks Abyssal. It has a Challenge Rating of 3. Special traits include: Charge, If the minotaur moves at least 10 ft. straight toward a target and then hits it with a gore attack on the same turn, the target takes an extra 9 (2d8) piercing damage. If the target is a creature, it must succeed on a DC 14 Strength saving throw or be pushed up to 10 ft. away and knocked prone., Labyrinthine Recall, The minotaur can perfectly recall any path it has traveled., Reckless, At the start of its turn, the minotaur can gain advantage on all melee weapon attack rolls it makes during that turn, but attack rolls against it have advantage until the start of its next turn.. Actions available: Greataxe, Melee Weapon Attack: +6 to hit, reach 5 ft., one target. Hit: 17 (2d12 + 4) slashing damage., Gore, Melee Weapon Attack: +6 to hit, reach 5 ft., one target. Hit: 13 (2d8 + 4) piercing damage.."
./assets/kraken.jpg,"The Kraken is a monstrosity. It has an Armor Class of 18 and 472 Hit Points. Its speed is walk: 20 ft., swim: 60 ft.. Its characteristics are STR 30, DEX 11, CON 25, INT 22, WIS 18, and CHA 20. It has saving throw proficiencies in STR, DEX, CON, INT, WIS. Damage resistances include none, and condition immunities include Frightened, Paralyzed. Its senses are truesight: 120 ft., passive perception: 14 and it speaks understands Abyssal, Celestial, Infernal, and Primordial but can't speak, telepathy 120 ft.. It has a Challenge Rating of 23. Special traits include: Amphibious, The kraken can breathe air and water., Freedom of Movement, The kraken ignores difficult terrain, and magical effects can't reduce its speed or cause it to be restrained. It can spend 5 feet of movement to escape from nonmagical restraints or being grappled., Siege Monster, The kraken deals double damage to objects and structures.. Actions available: Multiattack, The kraken makes three tentacle attacks, each of which it can replace with one use of Fling., Bite, Melee Weapon Attack: +7 to hit, reach 5 ft., one target. Hit: 23 (3d8 + 10) piercing damage. If the target is a Large or smaller creature grappled by the kraken, that creature is swallowed, and the grapple ends. While swallowed, the creature is blinded and restrained, it has total cover against attacks and other effects outside the kraken, and it takes 42 (12d6) acid damage at the start of each of the kraken's turns. If the kraken takes 50 damage or more on a single turn from a creature inside it, the kraken must succeed on a DC 25 Constitution saving throw at the end of that turn or regurgitate all swallowed creatures, which fall prone in a space within 10 feet of the kraken. If the kraken dies, a swallowed creature is no longer restrained by it and can escape from the corpse using 15 feet of movement, exiting prone., Tentacle, Melee Weapon Attack: +7 to hit, reach 30 ft., one target. Hit: 20 (3d6 + 10) bludgeoning damage, and the target is grappled (escape DC 18). Until this grapple ends, the target is restrained. The kraken has ten tentacles, each of which can grapple one target., Fling, One Large or smaller object held or creature grappled by the kraken is thrown up to 60 feet in a random direction and knocked prone. If a thrown target strikes a solid surface, the target takes 3 (1d6) bludgeoning damage for every 10 feet it was thrown. If the target is thrown at another creature, that creature must succeed on a DC 18 Dexterity saving throw or take the same damage and be knocked prone., Lightning Storm, The kraken magically creates three bolts of lightning, each of which can strike a target the kraken can see within 120 feet of it. A target must make a DC 23 Dexterity saving throw, taking 22 (4d10) lightning damage on a failed save, or half as much damage on a successful one.."
./assets/ghoul.jpg,"The Ghoul is a undead. It has an Armor Class of 12 and 22 Hit Points. Its speed is walk: 30 ft.. Its characteristics are STR 13, DEX 15, CON 10, INT 7, WIS 10, and CHA 6. It has saving throw proficiencies in none. Damage resistances include none, and condition immunities include Poisoned, Charmed, Exhaustion. Its senses are darkvision: 60 ft., passive perception: 10 and it speaks Common. It has a Challenge Rating of 1. Special traits include: . Actions available: Bite, Melee Weapon Attack: +2 to hit, reach 5 ft., one creature. Hit: 9 (2d6 + 2) piercing damage., Claws, Melee Weapon Attack: +4 to hit, reach 5 ft., one target. Hit: 7 (2d4 + 2) slashing damage. If the target is a creature other than an elf or undead, it must succeed on a DC 10 Constitution saving throw or be paralyzed for 1 minute. The target can repeat the saving throw at the end of each of its turns, ending the effect on itself on a success.."
./assets/animated-armor.jpg,"The Animated Armor is a construct. It has an Armor Class of 18 and 33 Hit Points. Its speed is walk: 25 ft.. Its characteristics are STR 14, DEX 11, CON 13, INT 1, WIS 3, and CHA 1. It has saving throw proficiencies in none. Damage resistances include none, and condition immunities include Blinded, Charmed, Deafened, Exhaustion, Frightened, Paralyzed, Petrified, Poisoned. Its senses are blindsight: 60 ft. (blind beyond this radius), passive perception: 6 and it speaks none. It has a Challenge Rating of 1. Special traits include: Antimagic Susceptibility, The armor is incapacitated while in the area of an antimagic field. If targeted by dispel magic, the armor must succeed on a Constitution saving throw against the caster's spell save DC or fall unconscious for 1 minute., False Appearance, While the armor remains motionless, it is indistinguishable from a normal suit of armor.. Actions available: Multiattack, The armor makes two melee attacks., Slam, Melee Weapon Attack: +4 to hit, reach 5 ft., one target. Hit: 5 (1d6 + 2) bludgeoning damage.."
./assets/specter.jpg,"The Specter is a undead. It has an Armor Class of 12 and 22 Hit Points. Its speed is walk: 0 ft., fly: 50 ft., hover: True. Its characteristics are STR 1, DEX 14, CON 11, INT 10, WIS 10, and CHA 11. It has saving throw proficiencies in none. Damage resistances include acid, cold, fire, lightning, thunder, bludgeoning, piercing, and slashing from nonmagical weapons, and condition immunities include Charmed, Exhaustion, Grappled, Paralyzed, Petrified, Poisoned, Prone, Restrained, Unconscious. Its senses are darkvision: 60 ft., passive perception: 10 and it speaks understands all languages it knew in life but can't speak. It has a Challenge Rating of 1. Special traits include: Incorporeal Movement, The specter can move through other creatures and objects as if they were difficult terrain. It takes 5 (1d10) force damage if it ends its turn inside an object., Sunlight Sensitivity, While in sunlight, the specter has disadvantage on attack rolls, as well as on Wisdom (Perception) checks that rely on sight.. Actions available: Life Drain, Melee Spell Attack: +4 to hit, reach 5 ft., one creature. Hit: 10 (3d6) necrotic damage. The target must succeed on a DC 10 Constitution saving throw or its hit point maximum is reduced by an amount equal to the damage taken. This reduction lasts until the creature finishes a long rest. The target dies if this effect reduces its hit point maximum to 0.."
./assets/bearded-devil.jpg,"The Bearded Devil is a fiend. It has an Armor Class of 13 and 52 Hit Points. Its speed is walk: 30 ft.. Its characteristics are STR 16, DEX 15, CON 15, INT 9, WIS 11, and CHA 11. It has saving throw proficiencies in STR, CON, WIS. Damage resistances include cold, bludgeoning, piercing, and slashing from nonmagical weapons that aren't silvered, and condition immunities include Poisoned. Its senses are darkvision: 120 ft., passive perception: 10 and it speaks Infernal, telepathy 120 ft.. It has a Challenge Rating of 3. Special traits include: Devil's Sight, Magical darkness doesn't impede the devil's darkvision., Magic Resistance, The devil has advantage on saving throws against spells and other magical effects., Steadfast, The devil can't be frightened while it can see an allied creature within 30 feet of it.. Actions available: Multiattack, The devil makes two attacks: one with its beard and one with its glaive., Beard, Melee Weapon Attack: +5 to hit, reach 5 ft., one creature. Hit: 6 (1d8 + 2) piercing damage, and the target must succeed on a DC 12 Constitution saving throw or be poisoned for 1 minute. While poisoned in this way, the target can't regain hit points. The target can repeat the saving throw at the end of each of its turns, ending the effect on itself on a success., Glaive, Melee Weapon Attack: +5 to hit, reach 10 ft., one target. Hit: 8 (1d10 + 3) slashing damage. If the target is a creature other than an undead or a construct, it must succeed on a DC 12 Constitution saving throw or lose 5 (1d10) hit points at the start of each of its turns due to an infernal wound. Each time the devil hits the wounded target with this attack, the damage dealt by the wound increases by 5 (1d10). Any creature can take an action to stanch the wound with a successful DC 12 Wisdom (Medicine) check. The wound also closes if the target receives magical healing.."
./assets/giant-fire-beetle.jpg,"The Giant Fire Beetle is a beast. It has an Armor Class of 13 and 4 Hit Points. Its speed is walk: 30 ft.. Its characteristics are STR 8, DEX 10, CON 12, INT 1, WIS 7, and CHA 3. It has saving throw proficiencies in none. Damage resistances include none, and condition immunities include none. Its senses are blindsight: 30 ft., passive perception: 8 and it speaks none. It has a Challenge Rating of 0. Special traits include: Illumination, The beetle sheds bright light in a 10-foot radius and dim light for an additional 10 ft... Actions available: Bite, Melee Weapon Attack: +1 to hit, reach 5 ft., one target. Hit: 2 (1d6 - 1) slashing damage.."
./assets/dire-wolf.jpg,"The Dire Wolf is a beast. It has an Armor Class of 14 and 37 Hit Points. Its speed is walk: 50 ft.. Its characteristics are STR 17, DEX 15, CON 15, INT 3, WIS 12, and CHA 7. It has saving throw proficiencies in none. Damage resistances include none, and condition immunities include none. Its senses are passive perception: 13 and it speaks none. It has a Challenge Rating of 1. Special traits include: Keen Hearing and Smell, The wolf has advantage on Wisdom (Perception) checks that rely on hearing or smell., Pack Tactics, The wolf has advantage on an attack roll against a creature if at least one of the wolf's allies is within 5 ft. of the creature and the ally isn't incapacitated.. Actions available: Bite, Melee Weapon Attack: +5 to hit, reach 5 ft., one target. Hit: 10 (2d6 + 3) piercing damage. If the target is a creature, it must succeed on a DC 13 Strength saving throw or be knocked prone.."
./assets/glabrezu.jpg,"The Glabrezu is a fiend. It has an Armor Class of 17 and 157 Hit Points. Its speed is walk: 40 ft.. Its characteristics are STR 20, DEX 15, CON 21, INT 19, WIS 17, and CHA 16. It has saving throw proficiencies in STR, CON, WIS, CHA. Damage resistances include cold, fire, lightning, bludgeoning, piercing, and slashing from nonmagical weapons, and condition immunities include Poisoned. Its senses are truesight: 120 ft., passive perception: 13 and it speaks Abyssal, telepathy 120 ft.. It has a Challenge Rating of 9. Special traits include: Innate Spellcasting, The glabrezu's spellcasting ability is Intelligence (spell save DC 16). The glabrezu can innately cast the following spells, requiring no material components:
At will: darkness, detect magic, dispel magic
1/day each: confusion, fly, power word stun, Magic Resistance, The glabrezu has advantage on saving throws against spells and other magical effects.. Actions available: Multiattack, The glabrezu makes four attacks: two with its pincers and two with its fists. Alternatively, it makes two attacks with its pincers and casts one spell., Pincer, Melee Weapon Attack: +9 to hit, reach 10 ft., one target. Hit: 16 (2d10 + 5) bludgeoning damage. If the target is a Medium or smaller creature, it is grappled (escape DC 15). The glabrezu has two pincers, each of which can grapple only one target., Fist, Melee Weapon Attack: +9 to hit, reach 5 ft., one target. Hit: 7 (2d4 + 2) bludgeoning damage.."
./assets/xorn.jpg,"The Xorn is a elemental. It has an Armor Class of 19 and 73 Hit Points. Its speed is walk: 20 ft., burrow: 20 ft.. Its characteristics are STR 17, DEX 10, CON 22, INT 11, WIS 10, and CHA 11. It has saving throw proficiencies in none. Damage resistances include piercing and slashing from nonmagical weapons that aren't adamantine, and condition immunities include none. Its senses are darkvision: 60 ft., tremorsense: 60 ft., passive perception: 16 and it speaks Terran. It has a Challenge Rating of 5. Special traits include: Earth Glide, The xorn can burrow through nonmagical, unworked earth and stone. While doing so, the xorn doesn't disturb the material it moves through., Stone Camouflage, The xorn has advantage on Dexterity (Stealth) checks made to hide in rocky terrain., Treasure Sense, The xorn can pinpoint, by scent, the location of precious metals and stones, such as coins and gems, within 60 ft. of it.. Actions available: Multiattack, The xorn makes three claw attacks and one bite attack., Bite, Melee Weapon Attack: +6 to hit, reach 5 ft., one target. Hit: 13 (3d6 + 3) piercing damage., Claw, Melee Weapon Attack: +6 to hit, reach 5 ft., one target. Hit: 6 (1d6 + 3) slashing damage.."
./assets/ancient-brass-dragon.jpg,"The Ancient Brass Dragon is a dragon. It has an Armor Class of 20 and 297 Hit Points. Its speed is walk: 40 ft., burrow: 40 ft., fly: 80 ft.. Its characteristics are STR 27, DEX 10, CON 25, INT 16, WIS 15, and CHA 19. It has saving throw proficiencies in DEX, CON, WIS, CHA. Damage resistances include none, and condition immunities include none. Its senses are blindsight: 60 ft., darkvision: 120 ft., passive perception: 24 and it speaks Common, Draconic. It has a Challenge Rating of 20. Special traits include: Legendary Resistance, If the dragon fails a saving throw, it can choose to succeed instead.. Actions available: Multiattack, The dragon can use its Frightful Presence. It then makes three attacks: one with its bite and two with its claws., Bite, Melee Weapon Attack: +14 to hit, reach 15 ft., one target. Hit: 19 (2d10 + 8) piercing damage., Claw, Melee Weapon Attack: +14 to hit, reach 10 ft., one target. Hit: 15 (2d6 + 8) slashing damage., Tail, Melee Weapon Attack: +14 to hit, reach 20 ft., one target. Hit: 17 (2d8 + 8) bludgeoning damage., Frightful Presence, Each creature of the dragon's choice that is within 120 feet of the dragon and aware of it must succeed on a DC 18 Wisdom saving throw or become frightened for 1 minute. A creature can repeat the saving throw at the end of each of its turns, ending the effect on itself on a success. If a creature's saving throw is successful or the effect ends for it, the creature is immune to the dragon's Frightful Presence for the next 24 hours., Breath Weapons, The dragon uses one of the following breath weapons:
Fire Breath. The dragon exhales fire in an 90-foot line that is 10 feet wide. Each creature in that line must make a DC 21 Dexterity saving throw, taking 56 (16d6) fire damage on a failed save, or half as much damage on a successful one.
Sleep Breath. The dragon exhales sleep gas in a 90-foot cone. Each creature in that area must succeed on a DC 21 Constitution saving throw or fall unconscious for 10 minutes. This effect ends for a creature if the creature takes damage or someone uses an action to wake it., Change Shape, The dragon magically polymorphs into a humanoid or beast that has a challenge rating no higher than its own, or back into its true form. It reverts to its true form if it dies. Any equipment it is wearing or carrying is absorbed or borne by the new form (the dragon's choice).
In a new form, the dragon retains its alignment, hit points, Hit Dice, ability to speak, proficiencies, Legendary Resistance, lair actions, and Intelligence, Wisdom, and Charisma scores, as well as this action. Its statistics and capabilities are otherwise replaced by those of the new form, except any class features or legendary actions of that form.."
./assets/gorgon.jpg,"The Gorgon is a monstrosity. It has an Armor Class of 19 and 114 Hit Points. Its speed is walk: 40 ft.. Its characteristics are STR 20, DEX 11, CON 18, INT 2, WIS 12, and CHA 7. It has saving throw proficiencies in none. Damage resistances include none, and condition immunities include Petrified. Its senses are darkvision: 60 ft., passive perception: 14 and it speaks none. It has a Challenge Rating of 5. Special traits include: Trampling Charge, If the gorgon moves at least 20 feet straight toward a creature and then hits it with a gore attack on the same turn, that target must succeed on a DC 16 Strength saving throw or be knocked prone. If the target is prone, the gorgon can make one attack with its hooves against it as a bonus action.. Actions available: Gore, Melee Weapon Attack: +8 to hit, reach 5 ft., one target. Hit: 18 (2d12 + 5) piercing damage., Hooves, Melee Weapon Attack: +8 to hit, reach 5 ft., one target. Hit: 16 (2d10 + 5) bludgeoning damage., Petrifying Breath, The gorgon exhales petrifying gas in a 30-foot cone. Each creature in that area must succeed on a DC 13 Constitution saving throw. On a failed save, a target begins to turn to stone and is restrained. The restrained target must repeat the saving throw at the end of its next turn. On a success, the effect ends on the target. On a failure, the target is petrified until freed by the greater restoration spell or other magic.."
./assets/bandit-captain.jpg,"The Bandit Captain is a humanoid. It has an Armor Class of 15 and 65 Hit Points. Its speed is walk: 30 ft.. Its characteristics are STR 15, DEX 16, CON 14, INT 14, WIS 11, and CHA 14. It has saving throw proficiencies in STR, DEX, WIS. Damage resistances include none, and condition immunities include none. Its senses are passive perception: 10 and it speaks any two languages. It has a Challenge Rating of 2. Special traits include: . Actions available: Multiattack, The captain makes three melee attacks: two with its scimitar and one with its dagger. Or the captain makes two ranged attacks with its daggers., Scimitar, Melee Weapon Attack: +5 to hit, reach 5 ft., one target. Hit: 6 (1d6 + 3) slashing damage., Dagger, Melee or Ranged Weapon Attack: +5 to hit, reach 5 ft. or range 20/60 ft., one target. Hit: 5 (1d4 + 3) piercing damage.."
./assets/ettin.jpg,"The Ettin is a giant. It has an Armor Class of 12 and 85 Hit Points. Its speed is walk: 40 ft.. Its characteristics are STR 21, DEX 8, CON 17, INT 6, WIS 10, and CHA 8. It has saving throw proficiencies in none. Damage resistances include none, and condition immunities include none. Its senses are darkvision: 60 ft., passive perception: 14 and it speaks Giant, Orc. It has a Challenge Rating of 4. Special traits include: Two Heads, The ettin has advantage on Wisdom (Perception) checks and on saving throws against being blinded, charmed, deafened, frightened, stunned, and knocked unconscious., Wakeful, When one of the ettin's heads is asleep, its other head is awake.. Actions available: Multiattack, The ettin makes two attacks: one with its battleaxe and one with its morningstar., Battleaxe, Melee Weapon Attack: +7 to hit, reach 5 ft., one target. Hit: 14 (2d8 + 5) slashing damage., Morningstar, Melee Weapon Attack: +7 to hit, reach 5 ft., one target. Hit: 14 (2d8 + 5) piercing damage.."
./assets/blink-dog.jpg,"The Blink Dog is a fey. It has an Armor Class of 13 and 22 Hit Points. Its speed is walk: 40 ft.. Its characteristics are STR 12, DEX 17, CON 12, INT 10, WIS 13, and CHA 11. It has saving throw proficiencies in none. Damage resistances include none, and condition immunities include none. Its senses are passive perception: 10 and it speaks Blink Dog, understands Sylvan but can't speak it. It has a Challenge Rating of 0.25. Special traits include: Keen Hearing and Smell, The dog has advantage on Wisdom (Perception) checks that rely on hearing or smell.. Actions available: Bite, Melee Weapon Attack: +3 to hit, reach 5 ft., one target. Hit: 4 (1d6 + 1) piercing damage., Teleport, The dog magically teleports, along with any equipment it is wearing or carrying, up to 40 ft. to an unoccupied space it can see. Before or after teleporting, the dog can make one bite attack.."
./assets/adult-white-dragon.jpg,"The Adult White Dragon is a dragon. It has an Armor Class of 18 and 200 Hit Points. Its speed is walk: 40 ft., burrow: 30 ft., fly: 80 ft., swim: 40 ft.. Its characteristics are STR 22, DEX 10, CON 22, INT 8, WIS 12, and CHA 12. It has saving throw proficiencies in DEX, CON, WIS, CHA. Damage resistances include none, and condition immunities include none. Its senses are blindsight: 60 ft., darkvision: 120 ft., passive perception: 21 and it speaks Common, Draconic. It has a Challenge Rating of 13. Special traits include: Ice Walk, The dragon can move across and climb icy surfaces without needing to make an ability check. Additionally, difficult terrain composed of ice or snow doesn't cost it extra movement., Legendary Resistance, If the dragon fails a saving throw, it can choose to succeed instead.. Actions available: Multiattack, The dragon can use its Frightful Presence. It then makes three attacks: one with its bite and two with its claws., Bite, Melee Weapon Attack: +11 to hit, reach 10 ft., one target. Hit: 17 (2d10 + 6) piercing damage plus 4 (1d8) cold damage., Claw, Melee Weapon Attack: +11 to hit, reach 5 ft., one target. Hit: 13 (2d6 + 6) slashing damage., Tail, Melee Weapon Attack: +11 to hit, reach 15 ft., one target. Hit: 15 (2d8 + 6) bludgeoning damage., Frightful Presence, Each creature of the dragon's choice that is within 120 ft. of the dragon and aware of it must succeed on a DC 14 Wisdom saving throw or become frightened for 1 minute. A creature can repeat the saving throw at the end of each of its turns, ending the effect on itself on a success. If a creature's saving throw is successful or the effect ends for it, the creature is immune to the dragon's Frightful Presence for the next 24 hours., Cold Breath, The dragon exhales an icy blast in a 60-foot cone. Each creature in that area must make a DC 19 Constitution saving throw, taking 54 (12d8) cold damage on a failed save, or half as much damage on a successful one.."
./assets/hell-hound.jpg,"The Hell Hound is a fiend. It has an Armor Class of 15 and 45 Hit Points. Its speed is walk: 50 ft.. Its characteristics are STR 17, DEX 12, CON 14, INT 6, WIS 13, and CHA 6. It has saving throw proficiencies in none. Damage resistances include none, and condition immunities include none. Its senses are darkvision: 60 ft., passive perception: 15 and it speaks understands Infernal but can't speak it. It has a Challenge Rating of 3. Special traits include: Keen Hearing and Smell, The hound has advantage on Wisdom (Perception) checks that rely on hearing or smell., Pack Tactics, The hound has advantage on an attack roll against a creature if at least one of the hound's allies is within 5 ft. of the creature and the ally isn't incapacitated.. Actions available: Bite, Melee Weapon Attack: +5 to hit, reach 5 ft., one target. Hit: 7 (1d8 + 3) piercing damage plus 7 (2d6) fire damage., Fire Breath, The hound exhales fire in a 15-foot cone. Each creature in that area must make a DC 12 Dexterity saving throw, taking 21 (6d6) fire damage on a failed save, or half as much damage on a successful one.."
./assets/young-silver-dragon.jpg,"The Young Silver Dragon is a dragon. It has an Armor Class of 18 and 168 Hit Points. Its speed is walk: 40 ft., fly: 80 ft.. Its characteristics are STR 23, DEX 10, CON 21, INT 14, WIS 11, and CHA 19. It has saving throw proficiencies in DEX, CON, WIS, CHA. Damage resistances include none, and condition immunities include none. Its senses are blindsight: 30 ft., darkvision: 120 ft., passive perception: 18 and it speaks Common, Draconic. It has a Challenge Rating of 9. Special traits include: . Actions available: Multiattack, The dragon makes three attacks: one with its bite and two with its claws., Bite, Melee Weapon Attack: +10 to hit, reach 10 ft., one target. Hit: 17 (2d10 + 6) piercing damage., Claw, Melee Weapon Attack: +10 to hit, reach 5 ft., one target. Hit: 13 (2d6 + 6) slashing damage., Breath Weapons, The dragon uses one of the following breath weapons.
Cold Breath. The dragon exhales an icy blast in a 30-foot cone. Each creature in that area must make a DC 17 Constitution saving throw, taking 54 (12d8) cold damage on a failed save, or half as much damage on a successful one.
Paralyzing Breath. The dragon exhales paralyzing gas in a 30-foot cone. Each creature in that area must succeed on a DC 17 Constitution saving throw or be paralyzed for 1 minute. A creature can repeat the saving throw at the end of each of its turns, ending the effect on itself on a success.."
./assets/aboleth.jpg,"The Aboleth is a aberration. It has an Armor Class of 17 and 135 Hit Points. Its speed is walk: 10 ft., swim: 40 ft.. Its characteristics are STR 21, DEX 9, CON 15, INT 18, WIS 15, and CHA 18. It has saving throw proficiencies in CON, INT, WIS. Damage resistances include none, and condition immunities include none. Its senses are darkvision: 120 ft., passive perception: 20 and it speaks Deep Speech, telepathy 120 ft.. It has a Challenge Rating of 10. Special traits include: Amphibious, The aboleth can breathe air and water., Mucous Cloud, While underwater, the aboleth is surrounded by transformative mucus. A creature that touches the aboleth or that hits it with a melee attack while within 5 ft. of it must make a DC 14 Constitution saving throw. On a failure, the creature is diseased for 1d4 hours. The diseased creature can breathe only underwater., Probing Telepathy, If a creature communicates telepathically with the aboleth, the aboleth learns the creature's greatest desires if the aboleth can see the creature.. Actions available: Multiattack, The aboleth makes three tentacle attacks., Tentacle, Melee Weapon Attack: +9 to hit, reach 10 ft., one target. Hit: 12 (2d6 + 5) bludgeoning damage. If the target is a creature, it must succeed on a DC 14 Constitution saving throw or become diseased. The disease has no effect for 1 minute and can be removed by any magic that cures disease. After 1 minute, the diseased creature's skin becomes translucent and slimy, the creature can't regain hit points unless it is underwater, and the disease can be removed only by heal or another disease-curing spell of 6th level or higher. When the creature is outside a body of water, it takes 6 (1d12) acid damage every 10 minutes unless moisture is applied to the skin before 10 minutes have passed., Tail, Melee Weapon Attack: +9 to hit, reach 10 ft., one target. Hit: 15 (3d6 + 5) bludgeoning damage., Enslave, The aboleth targets one creature it can see within 30 ft. of it. The target must succeed on a DC 14 Wisdom saving throw or be magically charmed by the aboleth until the aboleth dies or until it is on a different plane of existence from the target. The charmed target is under the aboleth's control and can't take reactions, and the aboleth and the target can communicate telepathically with each other over any distance.
Whenever the charmed target takes damage, the target can repeat the saving throw. On a success, the effect ends. No more than once every 24 hours, the target can also repeat the saving throw when it is at least 1 mile away from the aboleth.."
./assets/hobgoblin.jpg,"The Hobgoblin is a humanoid. It has an Armor Class of 18 and 11 Hit Points. Its speed is walk: 30 ft.. Its characteristics are STR 13, DEX 12, CON 12, INT 10, WIS 10, and CHA 9. It has saving throw proficiencies in none. Damage resistances include none, and condition immunities include none. Its senses are darkvision: 60 ft., passive perception: 10 and it speaks Common, Goblin. It has a Challenge Rating of 0.5. Special traits include: Martial Advantage, Once per turn, the hobgoblin can deal an extra 7 (2d6) damage to a creature it hits with a weapon attack if that creature is within 5 ft. of an ally of the hobgoblin that isn't incapacitated.. Actions available: Longsword, Melee Weapon Attack: +3 to hit, reach 5 ft., one target. Hit: 5 (1d8 + 1) slashing damage, or 6 (1d10 + 1) slashing damage if used with two hands., Longbow, Ranged Weapon Attack: +3 to hit, range 150/600 ft., one target. Hit: 5 (1d8 + 1) piercing damage.."
./assets/medusa.jpg,"The Medusa is a monstrosity. It has an Armor Class of 15 and 127 Hit Points. Its speed is walk: 30 ft.. Its characteristics are STR 10, DEX 15, CON 16, INT 12, WIS 13, and CHA 15. It has saving throw proficiencies in none. Damage resistances include none, and condition immunities include none. Its senses are darkvision: 60 ft., passive perception: 14 and it speaks Common. It has a Challenge Rating of 6. Special traits include: Petrifying Gaze, When a creature that can see the medusa's eyes starts its turn within 30 ft. of the medusa, the medusa can force it to make a DC 14 Constitution saving throw if the medusa isn't incapacitated and can see the creature. If the saving throw fails by 5 or more, the creature is instantly petrified. Otherwise, a creature that fails the save begins to turn to stone and is restrained. The restrained creature must repeat the saving throw at the end of its next turn, becoming petrified on a failure or ending the effect on a success. The petrification lasts until the creature is freed by the greater restoration spell or other magic.
Unless surprised, a creature can avert its eyes to avoid the saving throw at the start of its turn. If the creature does so, it can't see the medusa until the start of its next turn, when it can avert its eyes again. If the creature looks at the medusa in the meantime, it must immediately make the save.
If the medusa sees itself reflected on a polished surface within 30 ft. of it and in an area of bright light, the medusa is, due to its curse, affected by its own gaze.. Actions available: Multiattack, The medusa makes either three melee attacks--one with its snake hair and two with its shortsword--or two ranged attacks with its longbow., Snake Hair, Melee Weapon Attack: +5 to hit, reach 5 ft., one creature. Hit: 4 (1d4 + 2) piercing damage plus 14 (4d6) poison damage., Shortsword, Melee Weapon Attack: +5 to hit, reach 5 ft., one target. Hit: 5 (1d6 + 2) piercing damage., Longbow, Ranged Weapon Attack: +5 to hit, range 150/600 ft., one target. Hit: 6 (1d8 + 2) piercing damage plus 7 (2d6) poison damage.."
./assets/ancient-gold-dragon.jpg,"The Ancient Gold Dragon is a dragon. It has an Armor Class of 22 and 546 Hit Points. Its speed is walk: 40 ft., fly: 80 ft., swim: 40 ft.. Its characteristics are STR 30, DEX 14, CON 29, INT 18, WIS 17, and CHA 28. It has saving throw proficiencies in DEX, CON, WIS, CHA. Damage resistances include none, and condition immunities include none. Its senses are blindsight: 60 ft., darkvision: 120 ft., passive perception: 27 and it speaks Common, Draconic. It has a Challenge Rating of 24. Special traits include: Amphibious, The dragon can breathe air and water., Legendary Resistance, If the dragon fails a saving throw, it can choose to succeed instead.. Actions available: Multiattack, The dragon can use its Frightful Presence. It then makes three attacks: one with its bite and two with its claws., Bite, Melee Weapon Attack: +17 to hit, reach 15 ft., one target. Hit: 21 (2d10 + 10) piercing damage., Claw, Melee Weapon Attack: +17 to hit, reach 10 ft., one target. Hit: 17 (2d6 + 10) slashing damage., Tail, Melee Weapon Attack: +17 to hit, reach 20 ft., one target. Hit: 19 (2d8 + 10) bludgeoning damage., Frightful Presence, Each creature of the dragon's choice that is within 120 feet of the dragon and aware of it must succeed on a DC 24 Wisdom saving throw or become frightened for 1 minute. A creature can repeat the saving throw at the end of each of its turns, ending the effect on itself on a success. If a creature's saving throw is successful or the effect ends for it, the creature is immune to the dragon's Frightful Presence for the next 24 hours., Breath Weapons, The dragon uses one of the following breath weapons.
Fire Breath. The dragon exhales fire in a 90-foot cone. Each creature in that area must make a DC 24 Dexterity saving throw, taking 71 (13d10) fire damage on a failed save, or half as much damage on a successful one.
Weakening Breath. The dragon exhales gas in a 90-foot cone. Each creature in that area must succeed on a DC 24 Strength saving throw or have disadvantage on Strength-based attack rolls, Strength checks, and Strength saving throws for 1 minute. A creature can repeat the saving throw at the end of each of its turns, ending the effect on itself on a success., Change Shape, The dragon magically polymorphs into a humanoid or beast that has a challenge rating no higher than its own, or back into its true form. It reverts to its true form if it dies. Any equipment it is wearing or carrying is absorbed or borne by the new form (the dragon's choice).
In a new form, the dragon retains its alignment, hit points, Hit Dice, ability to speak, proficiencies, Legendary Resistance, lair actions, and Intelligence, Wisdom, and Charisma scores, as well as this action. Its statistics and capabilities are otherwise replaced by those of the new form, except any class features or legendary actions of that form.."
./assets/water-elemental.jpg,"The Water Elemental is a elemental. It has an Armor Class of 14 and 114 Hit Points. Its speed is walk: 30 ft., swim: 90 ft.. Its characteristics are STR 18, DEX 14, CON 18, INT 5, WIS 10, and CHA 8. It has saving throw proficiencies in none. Damage resistances include acid, bludgeoning, piercing, and slashing from nonmagical weapons, and condition immunities include Exhaustion, Grappled, Paralyzed, Petrified, Poisoned, Prone, Restrained, Unconscious. Its senses are darkvision: 60 ft., passive perception: 10 and it speaks Aquan. It has a Challenge Rating of 5. Special traits include: Water Form, The elemental can enter a hostile creature's space and stop there. It can move through a space as narrow as 1 inch wide without squeezing., Freeze, If the elemental takes cold damage, it partially freezes; its speed is reduced by 20 ft. until the end of its next turn.. Actions available: Multiattack, The elemental makes two slam attacks., Slam, Melee Weapon Attack: +7 to hit, reach 5 ft., one target. Hit: 13 (2d8 + 4) bludgeoning damage., Whelm, Each creature in the elemental's space must make a DC 15 Strength saving throw. On a failure, a target takes 13 (2d8 + 4) bludgeoning damage. If it is Large or smaller, it is also grappled (escape DC 14). Until this grapple ends, the target is restrained and unable to breathe unless it can breathe water. If the saving throw is successful, the target is pushed out of the elemental's space.
The elemental can grapple one Large creature or up to two Medium or smaller creatures at one time. At the start of each of the elemental's turns, each target grappled by it takes 13 (2d8 + 4) bludgeoning damage. A creature within 5 feet of the elemental can pull a creature or object out of it by taking an action to make a DC 14 Strength and succeeding.."
./assets/wolf.jpg,"The Wolf is a beast. It has an Armor Class of 13 and 11 Hit Points. Its speed is walk: 40 ft.. Its characteristics are STR 12, DEX 15, CON 12, INT 3, WIS 12, and CHA 6. It has saving throw proficiencies in none. Damage resistances include none, and condition immunities include none. Its senses are passive perception: 13 and it speaks none. It has a Challenge Rating of 0.25. Special traits include: Keen Hearing and Smell, The wolf has advantage on Wisdom (Perception) checks that rely on hearing or smell., Pack Tactics, The wolf has advantage on an attack roll against a creature if at least one of the wolf's allies is within 5 ft. of the creature and the ally isn't incapacitated.. Actions available: Bite, Melee Weapon Attack: +4 to hit, reach 5 ft., one target. Hit: 7 (2d4 + 2) piercing damage. If the target is a creature, it must succeed on a DC 11 Strength saving throw or be knocked prone.."
./assets/young-white-dragon.jpg,"The Young White Dragon is a dragon. It has an Armor Class of 17 and 133 Hit Points. Its speed is walk: 40 ft., burrow: 20 ft., fly: 80 ft., swim: 40 ft.. Its characteristics are STR 18, DEX 10, CON 18, INT 6, WIS 11, and CHA 12. It has saving throw proficiencies in DEX, CON, WIS, CHA. Damage resistances include none, and condition immunities include none. Its senses are blindsight: 30 ft., darkvision: 120 ft., passive perception: 16 and it speaks Common, Draconic. It has a Challenge Rating of 6. Special traits include: Ice Walk, The dragon can move across and climb icy surfaces without needing to make an ability check. Additionally, difficult terrain composed of ice or snow doesn't cost it extra movement.. Actions available: Multiattack, The dragon makes three attacks: one with its bite and two with its claws., Bite, Melee Weapon Attack: +7 to hit, reach 10 ft., one target. Hit: 15 (2d10 + 4) piercing damage plus 4 (1d8) cold damage., Claw, Melee Weapon Attack: +7 to hit, reach 5 ft., one target. Hit: 11 (2d6 + 4) slashing damage., Cold Breath, The dragon exhales an icy blast in a 30-foot cone. Each creature in that area must make a DC 15 Constitution saving throw, taking 45 (10d8) cold damage on a failed save, or half as much damage on a successful one.."
./assets/archmage.jpg,"The Archmage is a humanoid. It has an Armor Class of 12, 15 and 99 Hit Points. Its speed is walk: 30 ft.. Its characteristics are STR 10, DEX 14, CON 12, INT 20, WIS 15, and CHA 16. It has saving throw proficiencies in INT, WIS. Damage resistances include damage from spells, bludgeoning, piercing, and slashing from nonmagical attacks (from stoneskin), and condition immunities include none. Its senses are passive perception: 12 and it speaks any six languages. It has a Challenge Rating of 12. Special traits include: Magic Resistance, The archmage has advantage on saving throws against spells and other magical effects., Spellcasting, The archmage is an 18th-level spellcaster. Its spellcasting ability is Intelligence (spell save DC 17, +9 to hit with spell attacks). The archmage can cast disguise self and invisibility at will and has the following wizard spells prepared:

- Cantrips (at will): fire bolt, light, mage hand, prestidigitation, shocking grasp
- 1st level (4 slots): detect magic, identify, mage armor*, magic missile
- 2nd level (3 slots): detect thoughts, mirror image, misty step
- 3rd level (3 slots): counterspell, fly, lightning bolt
- 4th level (3 slots): banishment, fire shield, stoneskin*
- 5th level (3 slots): cone of cold, scrying, wall of force
- 6th level (1 slot): globe of invulnerability
- 7th level (1 slot): teleport
- 8th level (1 slot): mind blank*
- 9th level (1 slot): time stop
* The archmage casts these spells on itself before combat.. Actions available: Dagger, Melee or Ranged Weapon Attack: +6 to hit, reach 5 ft. or range 20/60 ft., one target. Hit: 4 (1d4 + 2) piercing damage.."
./assets/eagle.jpg,"The Eagle is a beast. It has an Armor Class of 12 and 3 Hit Points. Its speed is walk: 10 ft., fly: 60 ft.. Its characteristics are STR 6, DEX 15, CON 10, INT 2, WIS 14, and CHA 7. It has saving throw proficiencies in none. Damage resistances include none, and condition immunities include none. Its senses are passive perception: 14 and it speaks none. It has a Challenge Rating of 0. Special traits include: Keen Sight, The eagle has advantage on Wisdom (Perception) checks that rely on sight.. Actions available: Talons, Melee Weapon Attack: +4 to hit, reach 5 ft., one target. Hit: 4 (1d4 + 2) slashing damage.."
./assets/quipper.jpg,"The Quipper is a beast. It has an Armor Class of 13 and 1 Hit Points. Its speed is swim: 40 ft.. Its characteristics are STR 2, DEX 16, CON 9, INT 1, WIS 7, and CHA 2. It has saving throw proficiencies in none. Damage resistances include none, and condition immunities include none. Its senses are darkvision: 60 ft., passive perception: 8 and it speaks none. It has a Challenge Rating of 0. Special traits include: Blood Frenzy, The quipper has advantage on melee attack rolls against any creature that doesn't have all its hit points., Water Breathing, The quipper can breathe only underwater.. Actions available: Bite, Melee Weapon Attack: +5 to hit, reach 5 ft., one target. Hit: 1 piercing damage.."
./assets/drider.jpg,"The Drider is a monstrosity. It has an Armor Class of 19 and 123 Hit Points. Its speed is walk: 30 ft., climb: 30 ft.. Its characteristics are STR 16, DEX 16, CON 18, INT 13, WIS 14, and CHA 12. It has saving throw proficiencies in none. Damage resistances include none, and condition immunities include none. Its senses are darkvision: 120 ft., passive perception: 15 and it speaks Elvish, Undercommon. It has a Challenge Rating of 6. Special traits include: Fey Ancestry, The drider has advantage on saving throws against being charmed, and magic can't put the drider to sleep., Innate Spellcasting, The drider's innate spellcasting ability is Wisdom (spell save DC 13). The drider can innately cast the following spells, requiring no material components:
At will: dancing lights
1/day each: darkness, faerie fire, Spider Climb, The drider can climb difficult surfaces, including upside down on ceilings, without needing to make an ability check., Sunlight Sensitivity, While in sunlight, the drider has disadvantage on attack rolls, as well as on Wisdom (Perception) checks that rely on sight., Web Walker, The drider ignores movement restrictions caused by webbing.. Actions available: Multiattack, The drider makes three attacks, either with its longsword or its longbow. It can replace one of those attacks with a bite attack., Bite, Melee Weapon Attack: +6 to hit, reach 5 ft., one creature. Hit: 2 (1d4) piercing damage plus 9 (2d8) poison damage., Longsword, Melee Weapon Attack: +6 to hit, reach 5 ft., one target. Hit: 7 (1d8 + 3) slashing damage, or 8 (1d10 + 3) slashing damage if used with two hands., Longbow, Ranged Weapon Attack: +6 to hit, range 150/600 ft., one target. Hit: 7 (1d8 + 3) piercing damage plus 4 (1d8) poison damage.."
./assets/azer.jpg,"The Azer is a elemental. It has an Armor Class of 15, 17 and 39 Hit Points. Its speed is walk: 30 ft.. Its characteristics are STR 17, DEX 12, CON 15, INT 12, WIS 13, and CHA 10. It has saving throw proficiencies in CON. Damage resistances include none, and condition immunities include Poisoned. Its senses are passive perception: 11 and it speaks Ignan. It has a Challenge Rating of 2. Special traits include: Heated Body, A creature that touches the azer or hits it with a melee attack while within 5 ft. of it takes 5 (1d10) fire damage., Heated Weapons, When the azer hits with a metal melee weapon, it deals an extra 3 (1d6) fire damage (included in the attack)., Illumination, The azer sheds bright light in a 10-foot radius and dim light for an additional 10 ft... Actions available: Warhammer, Melee Weapon Attack: +5 to hit, reach 5 ft., one target. Hit: 7 (1d8 + 3) bludgeoning damage, or 8 (1d10 + 3) bludgeoning damage if used with two hands to make a melee attack, plus 3 (1d6) fire damage.."
./assets/air-elemental.jpg,"The Air Elemental is a elemental. It has an Armor Class of 15 and 90 Hit Points. Its speed is fly: 90 ft., hover: True. Its characteristics are STR 14, DEX 20, CON 14, INT 6, WIS 10, and CHA 6. It has saving throw proficiencies in none. Damage resistances include lightning, thunder, bludgeoning, piercing, and slashing from nonmagical weapons, and condition immunities include Exhaustion, Grappled, Paralyzed, Petrified, Poisoned, Prone, Restrained, Unconscious. Its senses are darkvision: 60 ft., passive perception: 10 and it speaks Auran. It has a Challenge Rating of 5. Special traits include: Air Form, The elemental can enter a hostile creature's space and stop there. It can move through a space as narrow as 1 inch wide without squeezing.. Actions available: Multiattack, The elemental makes two slam attacks., Slam, Melee Weapon Attack: +8 to hit, reach 5 ft., one target. Hit: 14 (2d8 + 5) bludgeoning damage., Whirlwind, Each creature in the elemental's space must make a DC 13 Strength saving throw. On a failure, a target takes 15 (3d8 + 2) bludgeoning damage and is flung up 20 feet away from the elemental in a random direction and knocked prone. If a thrown target strikes an object, such as a wall or floor, the target takes 3 (1d6) bludgeoning damage for every 10 feet it was thrown. If the target is thrown at another creature, that creature must succeed on a DC 13 Dexterity saving throw or take the same damage and be knocked prone.
If the saving throw is successful, the target takes half the bludgeoning damage and isn't flung away or knocked prone.."
./assets/chimera.jpg,"The Chimera is a monstrosity. It has an Armor Class of 14 and 114 Hit Points. Its speed is walk: 30 ft., fly: 60 ft.. Its characteristics are STR 19, DEX 11, CON 19, INT 3, WIS 14, and CHA 10. It has saving throw proficiencies in none. Damage resistances include none, and condition immunities include none. Its senses are darkvision: 60 ft., passive perception: 18 and it speaks understands Draconic but can't speak. It has a Challenge Rating of 6. Special traits include: . Actions available: Multiattack, The chimera makes three attacks: one with its bite, one with its horns, and one with its claws. When its fire breath is available, it can use the breath in place of its bite or horns., Bite, Melee Weapon Attack: +7 to hit, reach 5 ft., one target. Hit: 11 (2d6 + 4) piercing damage., Horns, Melee Weapon Attack: +7 to hit, reach 5 ft., one target. Hit: 10 (1d12 + 4) bludgeoning damage., Claws, Melee Weapon Attack: +7 to hit, reach 5 ft., one target. Hit: 11 (2d6 + 4) slashing damage., Fire Breath, The dragon head exhales fire in a 15-foot cone. Each creature in that area must make a DC 15 Dexterity saving throw, taking 31 (7d8) fire damage on a failed save, or half as much damage on a successful one.."
./assets/hill-giant.jpg,"The Hill Giant is a giant. It has an Armor Class of 13 and 105 Hit Points. Its speed is walk: 40 ft.. Its characteristics are STR 21, DEX 8, CON 19, INT 5, WIS 9, and CHA 6. It has saving throw proficiencies in none. Damage resistances include none, and condition immunities include none. Its senses are passive perception: 12 and it speaks Giant. It has a Challenge Rating of 5. Special traits include: . Actions available: Multiattack, The giant makes two greatclub attacks., Greatclub, Melee Weapon Attack: +8 to hit, reach 10 ft., one target. Hit: 18 (3d8 + 5) bludgeoning damage., Rock, Ranged Weapon Attack: +8 to hit, range 60/240 ft., one target. Hit: 21 (3d10 + 5) bludgeoning damage.."
./assets/mastiff.jpg,"The Mastiff is a beast. It has an Armor Class of 12 and 5 Hit Points. Its speed is walk: 40 ft.. Its characteristics are STR 13, DEX 14, CON 12, INT 3, WIS 12, and CHA 7. It has saving throw proficiencies in none. Damage resistances include none, and condition immunities include none. Its senses are passive perception: 13 and it speaks none. It has a Challenge Rating of 0.125. Special traits include: Keen Hearing and Smell, The mastiff has advantage on Wisdom (Perception) checks that rely on hearing or smell.. Actions available: Bite, Melee Weapon Attack: +3 to hit, reach 5 ft., one target. Hit: 4 (1d6 + 1) piercing damage. If the target is a creature, it must succeed on a DC 11 Strength saving throw or be knocked prone.."
./assets/young-red-dragon.jpg,"The Young Red Dragon is a dragon. It has an Armor Class of 18 and 178 Hit Points. Its speed is walk: 40 ft., climb: 40 ft., fly: 80 ft.. Its characteristics are STR 23, DEX 10, CON 21, INT 14, WIS 11, and CHA 19. It has saving throw proficiencies in DEX, CON, WIS, CHA. Damage resistances include none, and condition immunities include none. Its senses are blindsight: 30 ft., darkvision: 120 ft., passive perception: 18 and it speaks Common, Draconic. It has a Challenge Rating of 10. Special traits include: . Actions available: Multiattack, The dragon makes three attacks: one with its bite and two with its claws., Bite, Melee Weapon Attack: +10 to hit, reach 10 ft., one target. Hit: 17 (2d10 + 6) piercing damage plus 3 (1d6) fire damage., Claw, Melee Weapon Attack: +10 to hit, reach 5 ft., one target. Hit: 13 (2d6 + 6) slashing damage., Fire Breath, The dragon exhales fire in a 30-foot cone. Each creature in that area must make a DC 17 Dexterity saving throw, taking 56 (16d6) fire damage on a failed save, or half as much damage on a successful one.."
./assets/hawk.jpg,"The Hawk is a beast. It has an Armor Class of 13 and 1 Hit Points. Its speed is walk: 10 ft., fly: 60 ft.. Its characteristics are STR 5, DEX 16, CON 8, INT 2, WIS 14, and CHA 6. It has saving throw proficiencies in none. Damage resistances include none, and condition immunities include none. Its senses are passive perception: 14 and it speaks none. It has a Challenge Rating of 0. Special traits include: Keen Sight, The hawk has advantage on Wisdom (Perception) checks that rely on sight.. Actions available: Talons, Melee Weapon Attack: +5 to hit, reach 5 ft., one target. Hit: 1 slashing damage.."
./assets/owlbear.jpg,"The Owlbear is a monstrosity. It has an Armor Class of 13 and 59 Hit Points. Its speed is walk: 40 ft.. Its characteristics are STR 20, DEX 12, CON 17, INT 3, WIS 12, and CHA 7. It has saving throw proficiencies in none. Damage resistances include none, and condition immunities include none. Its senses are darkvision: 60 ft., passive perception: 13 and it speaks none. It has a Challenge Rating of 3. Special traits include: Keen Sight and Smell, The owlbear has advantage on Wisdom (Perception) checks that rely on sight or smell.. Actions available: Multiattack, The owlbear makes two attacks: one with its beak and one with its claws., Beak, Melee Weapon Attack: +7 to hit, reach 5 ft., one creature. Hit: 10 (1d10 + 5) piercing damage., Claws, Melee Weapon Attack: +7 to hit, reach 5 ft., one target. Hit: 14 (2d8 + 5) slashing damage.."
./assets/darkmantle.jpg,"The Darkmantle is a monstrosity. It has an Armor Class of 11 and 22 Hit Points. Its speed is walk: 10 ft., fly: 30 ft.. Its characteristics are STR 16, DEX 12, CON 13, INT 2, WIS 10, and CHA 5. It has saving throw proficiencies in none. Damage resistances include none, and condition immunities include none. Its senses are blindsight: 60 ft., passive perception: 10 and it speaks none. It has a Challenge Rating of 0.5. Special traits include: Echolocation, The darkmantle can't use its blindsight while deafened., False Appearance, While the darkmantle remains motionless, it is indistinguishable from a cave formation such as a stalactite or stalagmite.. Actions available: Crush, Melee Weapon Attack: +5 to hit, reach 5 ft., one creature. Hit: 6 (1d6 + 3) bludgeoning damage, and the darkmantle attaches to the target. If the target is Medium or smaller and the darkmantle has advantage on the attack roll, it attaches by engulfing the target's head, and the target is also blinded and unable to breathe while the darkmantle is attached in this way.
While attached to the target, the darkmantle can attack no other creature except the target but has advantage on its attack rolls. The darkmantle's speed also becomes 0, it can't benefit from any bonus to its speed, and it moves with the target.
A creature can detach the darkmantle by making a successful DC 13 Strength check as an action. On its turn, the darkmantle can detach itself from the target by using 5 feet of movement., Darkness Aura, A 15-foot radius of magical darkness extends out from the darkmantle, moves with it, and spreads around corners. The darkness lasts as long as the darkmantle maintains concentration, up to 10 minutes (as if concentrating on a spell). Darkvision can't penetrate this darkness, and no natural light can illuminate it. If any of the darkness overlaps with an area of light created by a spell of 2nd level or lower, the spell creating the light is dispelled.."
./assets/gray-ooze.jpg,"The Gray Ooze is a ooze. It has an Armor Class of 8 and 22 Hit Points. Its speed is walk: 10 ft., climb: 10 ft.. Its characteristics are STR 12, DEX 6, CON 16, INT 1, WIS 6, and CHA 2. It has saving throw proficiencies in none. Damage resistances include acid, cold, fire, and condition immunities include Blinded, Charmed, Deafened, Exhaustion, Frightened, Prone. Its senses are blindsight: 60 ft. (blind beyond this radius), passive perception: 8 and it speaks none. It has a Challenge Rating of 0.5. Special traits include: Amorphous, The ooze can move through a space as narrow as 1 inch wide without squeezing., Corrode Metal, Any nonmagical weapon made of metal that hits the ooze corrodes. After dealing damage, the weapon takes a permanent and cumulative -1 penalty to damage rolls. If its penalty drops to -5, the weapon is destroyed. Nonmagical ammunition made of metal that hits the ooze is destroyed after dealing damage.
The ooze can eat through 2-inch-thick, nonmagical metal in 1 round., False Appearance, While the ooze remains motionless, it is indistinguishable from an oily pool or wet rock.. Actions available: Pseudopod, Melee Weapon Attack: +3 to hit, reach 5 ft., one target. Hit: 4 (1d6 + 1) bludgeoning damage plus 7 (2d6) acid damage, and if the target is wearing nonmagical metal armor, its armor is partly corroded and takes a permanent and cumulative -1 penalty to the AC it offers. The armor is destroyed if the penalty reduces its AC to 10.."
./assets/cloaker.jpg,"The Cloaker is a aberration. It has an Armor Class of 14 and 78 Hit Points. Its speed is walk: 10 ft., fly: 40 ft.. Its characteristics are STR 17, DEX 15, CON 12, INT 13, WIS 12, and CHA 14. It has saving throw proficiencies in none. Damage resistances include none, and condition immunities include none. Its senses are darkvision: 60 ft., passive perception: 11 and it speaks Deep Speech, Undercommon. It has a Challenge Rating of 8. Special traits include: Damage Transfer, While attached to a creature, the cloaker takes only half the damage dealt to it (rounded down). and that creature takes the other half., False Appearance, While the cloaker remains motionless without its underside exposed, it is indistinguishable from a dark leather cloak., Light Sensitivity, While in bright light, the cloaker has disadvantage on attack rolls and Wisdom (Perception) checks that rely on sight.. Actions available: Multiattack, The cloaker makes two attacks: one with its bite and one with its tail., Bite, Melee Weapon Attack: +6 to hit, reach 5 ft., one creature. Hit: 10 (2d6 + 3) piercing damage, and if the target is Large or smaller, the cloaker attaches to it. If the cloaker has advantage against the target, the cloaker attaches to the target's head, and the target is blinded and unable to breathe while the cloaker is attached. While attached, the cloaker can make this attack only against the target and has advantage on the attack roll. The cloaker can detach itself by spending 5 feet of its movement. A creature, including the target, can take its action to detach the cloaker by succeeding on a DC 16 Strength check., Tail, Melee Weapon Attack: +6 to hit, reach 10 ft., one creature. Hit: 7 (1d8 + 3) slashing damage., Moan, Each creature within 60 feet of the cloaker that can hear its moan and that isn't an aberration must succeed on a DC 13 Wisdom saving throw or become frightened until the end of the cloaker's next turn. If a creature's saving throw is successful, the creature is immune to the cloaker's moan for the next 24 hours., Phantasms, The cloaker magically creates three illusory duplicates of itself if it isn't in bright light. The duplicates move with it and mimic its actions, shifting position so as to make it impossible to track which cloaker is the real one. If the cloaker is ever in an area of bright light, the duplicates disappear.
Whenever any creature targets the cloaker with an attack or a harmful spell while a duplicate remains, that creature rolls randomly to determine whether it targets the cloaker or one of the duplicates. A creature is unaffected by this magical effect if it can't see or if it relies on senses other than sight.
A duplicate has the cloaker's AC and uses its saving throws. If an attack hits a duplicate, or if a duplicate fails a saving throw against an effect that deals damage, the duplicate disappears.."
./assets/young-brass-dragon.jpg,"The Young Brass Dragon is a dragon. It has an Armor Class of 17 and 110 Hit Points. Its speed is walk: 40 ft., burrow: 20 ft., fly: 80 ft.. Its characteristics are STR 19, DEX 10, CON 17, INT 12, WIS 11, and CHA 15. It has saving throw proficiencies in DEX, CON, WIS, CHA. Damage resistances include none, and condition immunities include none. Its senses are blindsight: 30 ft., darkvision: 120 ft., passive perception: 16 and it speaks Common, Draconic. It has a Challenge Rating of 6. Special traits include: . Actions available: Multiattack, The dragon makes three attacks: one with its bite and two with its claws., Bite, Melee Weapon Attack: +7 to hit, reach 10 ft., one target. Hit: 15 (2d10 + 4) piercing damage., Claw, Melee Weapon Attack: +7 to hit, reach 5 ft., one target. Hit: 11 (2d6 + 4) slashing damage., Breath Weapons, The dragon uses one of the following breath weapons.
Fire Breath. The dragon exhales fire in a 40-foot line that is 5 feet wide. Each creature in that line must make a DC 14 Dexterity saving throw, taking 42 (12d6) fire damage on a failed save, or half as much damage on a successful one.
Sleep Breath. The dragon exhales sleep gas in a 30-foot cone. Each creature in that area must succeed on a DC 14 Constitution saving throw or fall unconscious for 5 minutes. This effect ends for a creature if the creature takes damage or someone uses an action to wake it.."
./assets/bugbear.jpg,"The Bugbear is a humanoid. It has an Armor Class of 16 and 27 Hit Points. Its speed is walk: 30 ft.. Its characteristics are STR 15, DEX 14, CON 13, INT 8, WIS 11, and CHA 9. It has saving throw proficiencies in none. Damage resistances include none, and condition immunities include none. Its senses are darkvision: 60 ft., passive perception: 10 and it speaks Common, Goblin. It has a Challenge Rating of 1. Special traits include: Brute, A melee weapon deals one extra die of its damage when the bugbear hits with it (included in the attack)., Surprise Attack, If the bugbear surprises a creature and hits it with an attack during the first round of combat, the target takes an extra 7 (2d6) damage from the attack.. Actions available: Morningstar, Melee Weapon Attack: +4 to hit, reach 5 ft., one target. Hit: 11 (2d8 + 2) piercing damage., Javelin, Melee or Ranged Weapon Attack: +4 to hit, reach 5 ft. or range 30/120 ft., one target. Hit: 9 (2d6 + 2) piercing damage in melee or 5 (1d6 + 2) piercing damage at range.."
./assets/rust-monster.jpg,"The Rust Monster is a monstrosity. It has an Armor Class of 14 and 27 Hit Points. Its speed is walk: 40 ft.. Its characteristics are STR 13, DEX 12, CON 13, INT 2, WIS 13, and CHA 6. It has saving throw proficiencies in none. Damage resistances include none, and condition immunities include none. Its senses are darkvision: 60 ft., passive perception: 11 and it speaks none. It has a Challenge Rating of 0.5. Special traits include: Iron Scent, The rust monster can pinpoint, by scent, the location of ferrous metal within 30 feet of it., Rust Metal, Any nonmagical weapon made of metal that hits the rust monster corrodes. After dealing damage, the weapon takes a permanent and cumulative -1 penalty to damage rolls. If its penalty drops to -5, the weapon is destroyed. Nonmagical ammunition made of metal that hits the rust monster is destroyed after dealing damage.. Actions available: Bite, Melee Weapon Attack: +3 to hit, reach 5 ft., one target. Hit: 5 (1d8 + 1) piercing damage., Antennae, The rust monster corrodes a nonmagical ferrous metal object it can see within 5 feet of it. If the object isn't being worn or carried, the touch destroys a 1-foot cube of it. If the object is being worn or carried by a creature, the creature can make a DC 11 Dexterity saving throw to avoid the rust monster's touch.
If the object touched is either metal armor or a metal shield being worn or carried, its takes a permanent and cumulative -1 penalty to the AC it offers. Armor reduced to an AC of 10 or a shield that drops to a +0 bonus is destroyed. If the object touched is a held metal weapon, it rusts as described in the Rust Metal trait.."
./assets/magmin.jpg,"The Magmin is a elemental. It has an Armor Class of 14 and 9 Hit Points. Its speed is walk: 30 ft.. Its characteristics are STR 7, DEX 15, CON 12, INT 8, WIS 11, and CHA 10. It has saving throw proficiencies in none. Damage resistances include bludgeoning, piercing, and slashing from nonmagical weapons, and condition immunities include none. Its senses are darkvision: 60 ft., passive perception: 10 and it speaks Ignan. It has a Challenge Rating of 0.5. Special traits include: Death Burst, When the magmin dies, it explodes in a burst of fire and magma. Each creature within 10 ft. of it must make a DC 11 Dexterity saving throw, taking 7 (2d6) fire damage on a failed save, or half as much damage on a successful one. Flammable objects that aren't being worn or carried in that area are ignited., Ignited Illumination, As a bonus action, the magmin can set itself ablaze or extinguish its flames. While ablaze, the magmin sheds bright light in a 10-foot radius and dim light for an additional 10 ft.. Actions available: Touch, Melee Weapon Attack: +4 to hit, reach 5 ft., one target. Hit: 7 (2d6) fire damage. If the target is a creature or a flammable object, it ignites. Until a target takes an action to douse the fire, the target takes 3 (1d6) fire damage at the end of each of its turns.."
./assets/chuul.jpg,"The Chuul is a aberration. It has an Armor Class of 16 and 93 Hit Points. Its speed is walk: 30 ft., swim: 30 ft.. Its characteristics are STR 19, DEX 10, CON 16, INT 5, WIS 11, and CHA 5. It has saving throw proficiencies in none. Damage resistances include none, and condition immunities include Poisoned. Its senses are darkvision: 60 ft., passive perception: 14 and it speaks understands Deep Speech but can't speak. It has a Challenge Rating of 4. Special traits include: Amphibious, The chuul can breathe air and water., Sense Magic, The chuul senses magic within 120 feet of it at will. This trait otherwise works like the detect magic spell but isn't itself magical.. Actions available: Multiattack, The chuul makes two pincer attacks. If the chuul is grappling a creature, the chuul can also use its tentacles once., Pincer, Melee Weapon Attack: +6 to hit, reach 10 ft., one target. Hit: 11 (2d6 + 4) bludgeoning damage. The target is grappled (escape DC 14) if it is a Large or smaller creature and the chuul doesn't have two other creatures grappled., Tentacles, One creature grappled by the chuul must succeed on a DC 13 Constitution saving throw or be poisoned for 1 minute. Until this poison ends, the target is paralyzed. The target can repeat the saving throw at the end of each of its turns, ending the effect on itself on a success.."
./assets/badger.jpg,"The Badger is a beast. It has an Armor Class of 10 and 3 Hit Points. Its speed is walk: 20 ft., burrow: 5 ft.. Its characteristics are STR 4, DEX 11, CON 12, INT 2, WIS 12, and CHA 5. It has saving throw proficiencies in none. Damage resistances include none, and condition immunities include none. Its senses are darkvision: 30 ft., passive perception: 11 and it speaks none. It has a Challenge Rating of 0. Special traits include: Keen Smell, The badger has advantage on Wisdom (Perception) checks that rely on smell.. Actions available: Bite, Melee Weapon Attack: +2 to hit, reach 5 ft., one target. Hit: 1 piercing damage.."
./assets/wyvern.jpg,"The Wyvern is a dragon. It has an Armor Class of 13 and 110 Hit Points. Its speed is walk: 20 ft., fly: 80 ft.. Its characteristics are STR 19, DEX 10, CON 16, INT 5, WIS 12, and CHA 6. It has saving throw proficiencies in none. Damage resistances include none, and condition immunities include none. Its senses are darkvision: 60 ft., passive perception: 14 and it speaks none. It has a Challenge Rating of 6. Special traits include: . Actions available: Multiattack, The wyvern makes two attacks: one with its bite and one with its stinger. While flying, it can use its claws in place of one other attack., Bite, Melee Weapon Attack: +7 to hit, reach 10 ft., one creature. Hit: 11 (2d6 + 4) piercing damage., Claws, Melee Weapon Attack: +7 to hit, reach 5 ft., one target. Hit: 13 (2d8 + 4) slashing damage., Stinger, Melee Weapon Attack: +7 to hit, reach 10 ft., one creature. Hit: 11 (2d6 + 4) piercing damage. The target must make a DC 15 Constitution saving throw, taking 24 (7d6) poison damage on a failed save, or half as much damage on a successful one.."
./assets/ghost.jpg,"The Ghost is a undead. It has an Armor Class of 11 and 45 Hit Points. Its speed is walk: 0 ft., fly: 40 ft., hover: True. Its characteristics are STR 7, DEX 13, CON 10, INT 10, WIS 12, and CHA 17. It has saving throw proficiencies in none. Damage resistances include acid, fire, lightning, thunder, bludgeoning, piercing, and slashing from nonmagical weapons, and condition immunities include Charmed, Exhaustion, Frightened, Grappled, Paralyzed, Petrified, Poisoned, Prone, Restrained. Its senses are darkvision: 60 ft., passive perception: 11 and it speaks any languages it knew in life. It has a Challenge Rating of 4. Special traits include: Ethereal Sight, The ghost can see 60 ft. into the Ethereal Plane when it is on the Material Plane, and vice versa., Incorporeal Movement, The ghost can move through other creatures and objects as if they were difficult terrain. It takes 5 (1d10) force damage if it ends its turn inside an object.. Actions available: Withering Touch, Melee Weapon Attack: +5 to hit, reach 5 ft., one target. Hit: 17 (4d6 + 3) necrotic damage., Etherealness, The ghost enters the Ethereal Plane from the Material Plane, or vice versa. It is visible on the Material Plane while it is in the Border Ethereal, and vice versa, yet it can't affect or be affected by anything on the other plane., Horrifying Visage, Each non-undead creature within 60 ft. of the ghost that can see it must succeed on a DC 13 Wisdom saving throw or be frightened for 1 minute. If the save fails by 5 or more, the target also ages 1d4 × 10 years. A frightened target can repeat the saving throw at the end of each of its turns, ending the frightened condition on itself on a success. If a target's saving throw is successful or the effect ends for it, the target is immune to this ghost's Horrifying Visage for the next 24 hours. The aging effect can be reversed with a greater restoration spell, but only within 24 hours of it occurring., Possession, One humanoid that the ghost can see within 5 ft. of it must succeed on a DC 13 Charisma saving throw or be possessed by the ghost; the ghost then disappears, and the target is incapacitated and loses control of its body. The ghost now controls the body but doesn't deprive the target of awareness. The ghost can't be targeted by any attack, spell, or other effect, except ones that turn undead, and it retains its alignment, Intelligence, Wisdom, Charisma, and immunity to being charmed and frightened. It otherwise uses the possessed target's statistics, but doesn't gain access to the target's knowledge, class features, or proficiencies.
The possession lasts until the body drops to 0 hit points, the ghost ends it as a bonus action, or the ghost is turned or forced out by an effect like the dispel evil and good spell. When the possession ends, the ghost reappears in an unoccupied space within 5 ft. of the body. The target is immune to this ghost's Possession for 24 hours after succeeding on the saving throw or after the possession ends.."
./assets/green-hag.jpg,"The Green Hag is a fey. It has an Armor Class of 17 and 82 Hit Points. Its speed is walk: 30 ft.. Its characteristics are STR 18, DEX 12, CON 16, INT 13, WIS 14, and CHA 14. It has saving throw proficiencies in none. Damage resistances include none, and condition immunities include none. Its senses are darkvision: 60 ft., passive perception: 14 and it speaks Common, Draconic, Sylvan. It has a Challenge Rating of 3. Special traits include: Amphibious, The hag can breathe air and water., Innate Spellcasting, The hag's innate spellcasting ability is Charisma (spell save DC 12). She can innately cast the following spells, requiring no material components:

At will: dancing lights, minor illusion, vicious mockery, Mimicry, The hag can mimic animal sounds and humanoid voices. A creature that hears the sounds can tell they are imitations with a successful DC 14 Wisdom (Insight) check.. Actions available: Claws, Melee Weapon Attack: +6 to hit, reach 5 ft., one target. Hit: 13 (2d8 + 4) slashing damage., Illusory Appearance, The hag covers herself and anything she is wearing or carrying with a magical illusion that makes her look like another creature of her general size and humanoid shape. The illusion ends if the hag takes a bonus action to end it or if she dies.
The changes wrought by this effect fail to hold up to physical inspection. For example, the hag could appear to have smooth skin, but someone touching her would feel her rough flesh. Otherwise, a creature must take an action to visually inspect the illusion and succeed on a DC 20 Intelligence (Investigation) check to discern that the hag is disguised., Invisible Passage, The hag magically turns invisible until she attacks or casts a spell, or until her concentration ends (as if concentrating on a spell). While invisible, she leaves no physical evidence of her passage, so she can be tracked only by magic. Any equipment she wears or carries is invisible with her.."
./assets/nightmare.jpg,"The Nightmare is a fiend. It has an Armor Class of 13 and 68 Hit Points. Its speed is walk: 60 ft., fly: 90 ft.. Its characteristics are STR 18, DEX 15, CON 16, INT 10, WIS 13, and CHA 15. It has saving throw proficiencies in none. Damage resistances include none, and condition immunities include none. Its senses are passive perception: 11 and it speaks understands Abyssal, Common, and Infernal but can't speak. It has a Challenge Rating of 3. Special traits include: Confer Fire Resistance, The nightmare can grant resistance to fire damage to anyone riding it., Illumination, The nightmare sheds bright light in a 10-foot radius and dim light for an additional 10 feet.. Actions available: Hooves, Melee Weapon Attack: +6 to hit, reach 5 ft., one target. Hit: 13 (2d8 + 4) bludgeoning damage plus 7 (2d6) fire damage., Ethereal Stride, The nightmare and up to three willing creatures within 5 feet of it magically enter the Ethereal Plane from the Material Plane, or vice versa.."
./assets/stirge.jpg,"The Stirge is a beast. It has an Armor Class of 14 and 2 Hit Points. Its speed is walk: 10 ft., fly: 40 ft.. Its characteristics are STR 4, DEX 16, CON 11, INT 2, WIS 8, and CHA 6. It has saving throw proficiencies in none. Damage resistances include none, and condition immunities include none. Its senses are darkvision: 60 ft., passive perception: 9 and it speaks none. It has a Challenge Rating of 0.125. Special traits include: . Actions available: Blood Drain, Melee Weapon Attack: +5 to hit, reach 5 ft., one creature. Hit: 5 (1d4 + 3) piercing damage, and the stirge attaches to the target. While attached, the stirge doesn't attack. Instead, at the start of each of the stirge's turns, the target loses 5 (1d4 + 3) hit points due to blood loss.
The stirge can detach itself by spending 5 feet of its movement. It does so after it drains 10 hit points of blood from the target or the target dies. A creature, including the target, can use its action to detach the stirge.."
./assets/owl.jpg,"The Owl is a beast. It has an Armor Class of 11 and 1 Hit Points. Its speed is walk: 5 ft., fly: 60 ft.. Its characteristics are STR 3, DEX 13, CON 8, INT 2, WIS 12, and CHA 7. It has saving throw proficiencies in none. Damage resistances include none, and condition immunities include none. Its senses are darkvision: 120 ft., passive perception: 13 and it speaks none. It has a Challenge Rating of 0. Special traits include: Flyby, The owl doesn't provoke opportunity attacks when it flies out of an enemy's reach., Keen Hearing and Sight, The owl has advantage on Wisdom (Perception) checks that rely on hearing or sight.. Actions available: Talons, Melee Weapon Attack: +3 to hit, reach 5 ft., one target. Hit: 1 slashing damage.."
./assets/pseudodragon.jpg,"The Pseudodragon is a dragon. It has an Armor Class of 13 and 7 Hit Points. Its speed is walk: 15 ft., fly: 60 ft.. Its characteristics are STR 6, DEX 15, CON 13, INT 10, WIS 12, and CHA 10. It has saving throw proficiencies in none. Damage resistances include none, and condition immunities include none. Its senses are blindsight: 10 ft., darkvision: 60 ft., passive perception: 13 and it speaks understands Common and Draconic but can't speak. It has a Challenge Rating of 0.25. Special traits include: Keen Senses, The pseudodragon has advantage on Wisdom (Perception) checks that rely on sight, hearing, or smell., Magic Resistance, The pseudodragon has advantage on saving throws against spells and other magical effects., Limited Telepathy, The pseudodragon can magically communicate simple ideas, emotions, and images telepathically with any creature within 100 ft. of it that can understand a language.. Actions available: Bite, Melee Weapon Attack: +4 to hit, reach 5 ft., one target. Hit: 4 (1d4 + 2) piercing damage., Sting, Melee Weapon Attack: +4 to hit, reach 5 ft., one creature. Hit: 4 (1d4 + 2) piercing damage, and the target must succeed on a DC 11 Constitution saving throw or become poisoned for 1 hour. If the saving throw fails by 5 or more, the target falls unconscious for the same duration, or until it takes damage or another creature uses an action to shake it awake.."
./assets/young-blue-dragon.jpg,"The Young Blue Dragon is a dragon. It has an Armor Class of 18 and 152 Hit Points. Its speed is walk: 40 ft., burrow: 20 ft., fly: 80 ft.. Its characteristics are STR 21, DEX 10, CON 19, INT 14, WIS 13, and CHA 17. It has saving throw proficiencies in DEX, CON, WIS, CHA. Damage resistances include none, and condition immunities include none. Its senses are blindsight: 30 ft., darkvision: 120 ft., passive perception: 19 and it speaks Common, Draconic. It has a Challenge Rating of 9. Special traits include: . Actions available: Multiattack, The dragon makes three attacks: one with its bite and two with its claws., Bite, Melee Weapon Attack: +9 to hit, reach 10 ft., one target. Hit: 16 (2d10 + 5) piercing damage plus 5 (1d10) lightning damage., Claw, Melee Weapon Attack: +9 to hit, reach 5 ft., one target. Hit: 12 (2d6 + 5) slashing damage., Lightning Breath, The dragon exhales lightning in a 60-foot line that is 5 feet wide. Each creature in that line must make a DC 16 Dexterity saving throw, taking 55 (10d10) lightning damage on a failed save, or half as much damage on a successful one.."
./assets/invisible-stalker.jpg,"The Invisible Stalker is a elemental. It has an Armor Class of 14 and 104 Hit Points. Its speed is walk: 50 ft., fly: 50 ft., hover: True. Its characteristics are STR 16, DEX 19, CON 14, INT 10, WIS 15, and CHA 11. It has saving throw proficiencies in none. Damage resistances include bludgeoning, piercing, and slashing from nonmagical weapons, and condition immunities include Exhaustion, Grappled, Paralyzed, Petrified, Poisoned, Prone, Restrained, Unconscious. Its senses are darkvision: 60 ft., passive perception: 18 and it speaks Auran, understands Common but doesn't speak it. It has a Challenge Rating of 6. Special traits include: Invisibility, The stalker is invisible., Faultless Tracker, The stalker is given a quarry by its summoner. The stalker knows the direction and distance to its quarry as long as the two of them are on the same plane of existence. The stalker also knows the location of its summoner.. Actions available: Multiattack, The stalker makes two slam attacks., Slam, Melee Weapon Attack: +6 to hit, reach 5 ft., one target. Hit: 10 (2d6 + 3) bludgeoning damage.."
./assets/imp.jpg,"The Imp is a fiend. It has an Armor Class of 13 and 10 Hit Points. Its speed is walk: 20 ft., fly: 40 ft.. Its characteristics are STR 6, DEX 17, CON 13, INT 11, WIS 12, and CHA 14. It has saving throw proficiencies in none. Damage resistances include cold, bludgeoning, piercing, and slashing from nonmagical weapons that aren't silvered, and condition immunities include Poisoned. Its senses are darkvision: 120 ft., passive perception: 11 and it speaks Infernal, Common. It has a Challenge Rating of 1. Special traits include: Shapechanger, The imp can use its action to polymorph into a beast form that resembles a rat (speed 20 ft.), a raven (20 ft., fly 60 ft.), or a spider (20 ft., climb 20 ft.), or back into its true form. Its statistics are the same in each form, except for the speed changes noted. Any equipment it is wearing or carrying isn't transformed. It reverts to its true form if it dies., Devil's Sight, Magical darkness doesn't impede the imp's darkvision., Magic Resistance, The imp has advantage on saving throws against spells and other magical effects.. Actions available: Sting (Bite in Beast Form), Melee Weapon Attack: +5 to hit, reach 5 ft., one target. Hit: 5 (1d4 + 3) piercing damage, and the target must make on a DC 11 Constitution saving throw, taking 10 (3d6) poison damage on a failed save, or half as much damage on a successful one., Invisibility, The imp magically turns invisible until it attacks, or until its concentration ends (as if concentrating on a spell). Any equipment the imp wears or carries is invisible with it.."
./assets/young-bronze-dragon.jpg,"The Young Bronze Dragon is a dragon. It has an Armor Class of 18 and 142 Hit Points. Its speed is walk: 40 ft., fly: 80 ft., swim: 40 ft.. Its characteristics are STR 21, DEX 10, CON 19, INT 14, WIS 13, and CHA 17. It has saving throw proficiencies in DEX, CON, WIS, CHA. Damage resistances include none, and condition immunities include none. Its senses are blindsight: 30 ft., darkvision: 120 ft., passive perception: 17 and it speaks Common, Draconic. It has a Challenge Rating of 8. Special traits include: Amphibious, The dragon can breathe air and water.. Actions available: Multiattack, The dragon makes three attacks: one with its bite and two with its claws., Bite, Melee Weapon Attack: +8 to hit, reach 10 ft., one target. Hit: 16 (2d10 + 5) piercing damage., Claw, Melee Weapon Attack: +8 to hit, reach 5 ft., one target. Hit: 12 (2d6 + 5) slashing damage., Breath Weapons, The dragon uses one of the following breath weapons.
Lightning Breath. The dragon exhales lightning in a 60-foot line that is 5 feet wide. Each creature in that line must make a DC 15 Dexterity saving throw, taking 55 (10d10) lightning damage on a failed save, or half as much damage on a successful one.
Repulsion Breath. The dragon exhales repulsion energy in a 30-foot cone. Each creature in that area must succeed on a DC 15 Strength saving throw. On a failed save, the creature is pushed 40 feet away from the dragon.."
./assets/stone-giant.jpg,"The Stone Giant is a giant. It has an Armor Class of 17 and 126 Hit Points. Its speed is walk: 40 ft.. Its characteristics are STR 23, DEX 15, CON 20, INT 10, WIS 12, and CHA 9. It has saving throw proficiencies in DEX, CON, WIS. Damage resistances include none, and condition immunities include none. Its senses are darkvision: 60 ft., passive perception: 14 and it speaks Giant. It has a Challenge Rating of 7. Special traits include: Stone Camouflage, The giant has advantage on Dexterity (Stealth) checks made to hide in rocky terrain.. Actions available: Multiattack, The giant makes two greatclub attacks., Greatclub, Melee Weapon Attack: +9 to hit, reach 15 ft., one target. Hit: 19 (3d8 + 6) bludgeoning damage., Rock, Ranged Weapon Attack: +9 to hit, range 60/240 ft., one target. Hit: 28 (4d10 + 6) bludgeoning damage. If the target is a creature, it must succeed on a DC 17 Strength saving throw or be knocked prone.."
./assets/ettercap.jpg,"The Ettercap is a monstrosity. It has an Armor Class of 13 and 44 Hit Points. Its speed is walk: 30 ft., climb: 30 ft.. Its characteristics are STR 14, DEX 15, CON 13, INT 7, WIS 12, and CHA 8. It has saving throw proficiencies in none. Damage resistances include none, and condition immunities include none. Its senses are darkvision: 60 ft., passive perception: 13 and it speaks none. It has a Challenge Rating of 2. Special traits include: Spider Climb, The ettercap can climb difficult surfaces, including upside down on ceilings, without needing to make an ability check., Web Sense, While in contact with a web, the ettercap knows the exact location of any other creature in contact with the same web., Web Walker, The ettercap ignores movement restrictions caused by webbing.. Actions available: Multiattack, The ettercap makes two attacks: one with its bite and one with its claws., Bite, Melee Weapon Attack: +4 to hit, reach 5 ft., one creature. Hit: 6 (1d8 + 2) piercing damage plus 4 (1d8) poison damage. The target must succeed on a DC 11 Constitution saving throw or be poisoned for 1 minute. The creature can repeat the saving throw at the end of each of its turns, ending the effect on itself on a success., Claws, Melee Weapon Attack: +4 to hit, reach 5 ft., one target. Hit: 7 (2d4 + 2) slashing damage., Web, Ranged Weapon Attack: +4 to hit, range 30/60 ft., one Large or smaller creature. Hit: The creature is restrained by webbing. As an action, the restrained creature can make a DC 11 Strength check, escaping from the webbing on a success. The effect ends if the webbing is destroyed. The webbing has AC 10, 5 hit points, is vulnerable to fire damage and immune to bludgeoning damage.."
./assets/purple-worm.jpg,"The Purple Worm is a monstrosity. It has an Armor Class of 18 and 247 Hit Points. Its speed is walk: 50 ft., burrow: 30 ft.. Its characteristics are STR 28, DEX 7, CON 22, INT 1, WIS 8, and CHA 4. It has saving throw proficiencies in CON, WIS. Damage resistances include none, and condition immunities include none. Its senses are blindsight: 30 ft., tremorsense: 60 ft., passive perception: 9 and it speaks none. It has a Challenge Rating of 15. Special traits include: Tunneler, The worm can burrow through solid rock at half its burrow speed and leaves a 10-foot-diameter tunnel in its wake.. Actions available: Multiattack, The worm makes two attacks: one with its bite and one with its stinger., Bite, Melee Weapon Attack: +9 to hit, reach 10 ft., one target. Hit: 22 (3d8 + 9) piercing damage. If the target is a Large or smaller creature, it must succeed on a DC 19 Dexterity saving throw or be swallowed by the worm. A swallowed creature is blinded and restrained, it has total cover against attacks and other effects outside the worm, and it takes 21 (6d6) acid damage at the start of each of the worm's turns.
If the worm takes 30 damage or more on a single turn from a creature inside it, the worm must succeed on a DC 21 Constitution saving throw at the end of that turn or regurgitate all swallowed creatures, which fall prone in a space within 10 feet of the worm. If the worm dies, a swallowed creature is no longer restrained by it and can escape from the corpse by using 20 feet of movement, exiting prone., Tail Stinger, Melee Weapon Attack: +9 to hit, reach 10 ft., one creature. Hit: 19 (3d6 + 9) piercing damage, and the target must make a DC 19 Constitution saving throw, taking 42 (12d6) poison damage on a failed save, or half as much damage on a successful one.."
./assets/triceratops.jpg,"The Triceratops is a beast. It has an Armor Class of 13 and 95 Hit Points. Its speed is walk: 50 ft.. Its characteristics are STR 22, DEX 9, CON 17, INT 2, WIS 11, and CHA 5. It has saving throw proficiencies in none. Damage resistances include none, and condition immunities include none. Its senses are passive perception: 10 and it speaks none. It has a Challenge Rating of 5. Special traits include: Trampling Charge, If the triceratops moves at least 20 ft. straight toward a creature and then hits it with a gore attack on the same turn, that target must succeed on a DC 13 Strength saving throw or be knocked prone. If the target is prone, the triceratops can make one stomp attack against it as a bonus action.. Actions available: Gore, Melee Weapon Attack: +9 to hit, reach 5 ft., one target. Hit: 24 (4d8 + 6) piercing damage., Stomp, Melee Weapon Attack: +9 to hit, reach 5 ft., one prone creature. Hit: 22 (3d10 + 6) bludgeoning damage."
./assets/sahuagin.jpg,"The Sahuagin is a humanoid. It has an Armor Class of 12 and 22 Hit Points. Its speed is walk: 30 ft., swim: 40 ft.. Its characteristics are STR 13, DEX 11, CON 12, INT 12, WIS 13, and CHA 9. It has saving throw proficiencies in none. Damage resistances include none, and condition immunities include none. Its senses are darkvision: 120 ft., passive perception: 15 and it speaks Sahuagin. It has a Challenge Rating of 0.5. Special traits include: Blood Frenzy, The sahuagin has advantage on melee attack rolls against any creature that doesn't have all its hit points., Limited Amphibiousness, The sahuagin can breathe air and water, but it needs to be submerged at least once every 4 hours to avoid suffocating., Shark Telepathy, The sahuagin can magically command any shark within 120 feet of it, using a limited telepathy.. Actions available: Multiattack, The sahuagin makes two melee attacks: one with its bite and one with its claws or spear., Bite, Melee Weapon Attack: +3 to hit, reach 5 ft., one target. Hit: 3 (1d4 + 1) piercing damage., Claws, Melee Weapon Attack: +3 to hit, reach 5 ft., one target. Hit: 3 (1d4 + 1) slashing damage., Spear, Melee or Ranged Weapon Attack: +3 to hit, reach 5 ft. or range 20/60 ft., one target. Hit: 4 (1d6 + 1) piercing damage, or 5 (1d8 + 1) piercing damage if used with two hands to make a melee attack.."
./assets/steam-mephit.jpg,"The Steam Mephit is a elemental. It has an Armor Class of 10 and 21 Hit Points. Its speed is walk: 30 ft., fly: 30 ft.. Its characteristics are STR 5, DEX 11, CON 10, INT 11, WIS 10, and CHA 12. It has saving throw proficiencies in none. Damage resistances include none, and condition immunities include Poisoned. Its senses are darkvision: 60 ft., passive perception: 10 and it speaks Aquan, Ignan. It has a Challenge Rating of 0.25. Special traits include: Death Burst, When the mephit dies, it explodes in a cloud of steam. Each creature within 5 ft. of the mephit must succeed on a DC 10 Dexterity saving throw or take 4 (1d8) fire damage., Innate Spellcasting, The mephit can innately cast blur, requiring no material components. Its innate spellcasting ability is Charisma.. Actions available: Claws, Melee Weapon Attack: +2 to hit, reach 5 ft., one creature. Hit: 2 (1d4) slashing damage plus 2 (1d4) fire damage., Steam Breath, The mephit exhales a 15-foot cone of scalding steam. Each creature in that area must succeed on a DC 10 Dexterity saving throw, taking 4 (1d8) fire damage on a failed save, or half as much damage on a successful one.."
./assets/riding-horse.jpg,"The Riding Horse is a beast. It has an Armor Class of 10 and 13 Hit Points. Its speed is walk: 60 ft.. Its characteristics are STR 16, DEX 10, CON 12, INT 2, WIS 11, and CHA 7. It has saving throw proficiencies in none. Damage resistances include none, and condition immunities include none. Its senses are passive perception: 10 and it speaks none. It has a Challenge Rating of 0.25. Special traits include: . Actions available: Hooves, Melee Weapon Attack: +5 to hit, reach 5 ft., one target. Hit: 8 (2d4 + 3) bludgeoning damage.."
./assets/stone-golem.jpg,"The Stone Golem is a construct. It has an Armor Class of 17 and 178 Hit Points. Its speed is walk: 30 ft.. Its characteristics are STR 22, DEX 9, CON 20, INT 3, WIS 11, and CHA 1. It has saving throw proficiencies in none. Damage resistances include none, and condition immunities include Charmed, Exhaustion, Frightened, Paralyzed, Petrified, Poisoned. Its senses are darkvision: 120 ft., passive perception: 10 and it speaks understands the languages of its creator but can't speak. It has a Challenge Rating of 10. Special traits include: Immutable Form, The golem is immune to any spell or effect that would alter its form., Magic Resistance, The golem has advantage on saving throws against spells and other magical effects., Magic Weapons, The golem's weapon attacks are magical.. Actions available: Multiattack, The golem makes two slam attacks., Slam, Melee Weapon Attack: +10 to hit, reach 5 ft., one target. Hit: 19 (3d8 + 6) bludgeoning damage., Slow, The golem targets one or more creatures it can see within 10 ft. of it. Each target must make a DC 17 Wisdom saving throw against this magic. On a failed save, a target can't use reactions, its speed is halved, and it can't make more than one attack on its turn. In addition, the target can take either an action or a bonus action on its turn, not both. These effects last for 1 minute. A target can repeat the saving throw at the end of each of its turns, ending the effect on itself on a success.."
./assets/shadow.jpg,"The Shadow is a undead. It has an Armor Class of 12 and 16 Hit Points. Its speed is walk: 40 ft.. Its characteristics are STR 6, DEX 14, CON 13, INT 6, WIS 10, and CHA 8. It has saving throw proficiencies in none. Damage resistances include acid, cold, fire, lightning, thunder, bludgeoning, piercing, and slashing from nonmagical weapons, and condition immunities include Exhaustion, Frightened, Grappled, Paralyzed, Petrified, Poisoned, Prone, Restrained. Its senses are darkvision: 60 ft., passive perception: 10 and it speaks none. It has a Challenge Rating of 0.5. Special traits include: Amorphous, The shadow can move through a space as narrow as 1 inch wide without squeezing., Shadow Stealth, While in dim light or darkness, the shadow can take the Hide action as a bonus action. Its stealth bonus is also improved to +6., Sunlight Weakness, While in sunlight, the shadow has disadvantage on attack rolls, ability checks, and saving throws.. Actions available: Strength Drain, Melee Weapon Attack: +4 to hit, reach 5 ft., one creature. Hit: 9 (2d6 + 2) necrotic damage, and the target's Strength score is reduced by 1d4. The target dies if this reduces its Strength to 0. Otherwise, the reduction lasts until the target finishes a short or long rest.
If a non-evil humanoid dies from this attack, a new shadow rises from the corpse 1d4 hours later.."
./assets/adult-brass-dragon.jpg,"The Adult Brass Dragon is a dragon. It has an Armor Class of 18 and 172 Hit Points. Its speed is walk: 40 ft., burrow: 40 ft., fly: 80 ft.. Its characteristics are STR 23, DEX 10, CON 21, INT 14, WIS 13, and CHA 17. It has saving throw proficiencies in DEX, CON, WIS, CHA. Damage resistances include none, and condition immunities include none. Its senses are blindsight: 60 ft., darkvision: 120 ft., passive perception: 21 and it speaks Common, Draconic. It has a Challenge Rating of 13. Special traits include: Legendary Resistance, If the dragon fails a saving throw, it can choose to succeed instead.. Actions available: Multiattack, The dragon can use its Frightful Presence. It then makes three attacks: one with its bite and two with its claws., Bite, Melee Weapon Attack: +11 to hit, reach 10 ft., one target. Hit: 17 (2d10 + 6) piercing damage., Claw, Melee Weapon Attack: +11 to hit, reach 5 ft., one target. Hit: 13 (2d6 + 6) slashing damage., Tail, Melee Weapon Attack: +11 to hit, reach 15 ft., one target. Hit: 15 (2d8 + 6) bludgeoning damage., Frightful Presence, Each creature of the dragon's choice that is within 120 feet of the dragon and aware of it must succeed on a DC 16 Wisdom saving throw or become frightened for 1 minute. A creature can repeat the saving throw at the end of each of its turns, ending the effect on itself on a success. If a creature's saving throw is successful or the effect ends for it, the creature is immune to the dragon's Frightful Presence for the next 24 hours ., Breath Weapons, The dragon uses one of the following breath weapons.
Fire Breath. The dragon exhales fire in an 60-foot line that is 5 feet wide. Each creature in that line must make a DC 18 Dexterity saving throw, taking 45 (13d6) fire damage on a failed save, or half as much damage on a successful one.
Sleep Breath. The dragon exhales sleep gas in a 60-foot cone. Each creature in that area must succeed on a DC 18 Constitution saving throw or fall unconscious for 10 minutes. This effect ends for a creature if the creature takes damage or someone uses an action to wake it.."
./assets/gibbering-mouther.jpg,"The Gibbering Mouther is a aberration. It has an Armor Class of 9 and 67 Hit Points. Its speed is walk: 10 ft., swim: 10 ft.. Its characteristics are STR 10, DEX 8, CON 16, INT 3, WIS 10, and CHA 6. It has saving throw proficiencies in none. Damage resistances include none, and condition immunities include Prone. Its senses are darkvision: 60 ft., passive perception: 10 and it speaks none. It has a Challenge Rating of 2. Special traits include: Aberrant Ground, The ground in a 10-foot radius around the mouther is doughlike difficult terrain. Each creature that starts its turn in that area must succeed on a DC 10 Strength saving throw or have its speed reduced to 0 until the start of its next turn., Gibbering, The mouther babbles incoherently while it can see any creature and isn't incapacitated. Each creature that starts its turn within 20 feet of the mouther and can hear the gibbering must succeed on a DC 10 Wisdom saving throw. On a failure, the creature can't take reactions until the start of its next turn and rolls a d8 to determine what it does during its turn. On a 1 to 4, the creature does nothing. On a 5 or 6, the creature takes no action or bonus action and uses all its movement to move in a randomly determined direction. On a 7 or 8, the creature makes a melee attack against a randomly determined creature within its reach or does nothing if it can't make such an attack.. Actions available: Multiattack, The gibbering mouther makes one bite attack and, if it can, uses its Blinding Spittle., Bites, Melee Weapon Attack: +2 to hit, reach 5 ft., one creature. Hit: 17 (5d6) piercing damage. If the target is Medium or smaller, it must succeed on a DC 10 Strength saving throw or be knocked prone. If the target is killed by this damage, it is absorbed into the mouther., Blinding Spittle, The mouther spits a chemical glob at a point it can see within 15 feet of it. The glob explodes in a blinding flash of light on impact. Each creature within 5 feet of the flash must succeed on a DC 13 Dexterity saving throw or be blinded until the end of the mouther's next turn.."
./assets/hezrou.jpg,"The Hezrou is a fiend. It has an Armor Class of 16 and 136 Hit Points. Its speed is walk: 30 ft.. Its characteristics are STR 19, DEX 17, CON 20, INT 5, WIS 12, and CHA 13. It has saving throw proficiencies in STR, CON, WIS. Damage resistances include cold, fire, lightning, bludgeoning, piercing, and slashing from nonmagical weapons, and condition immunities include Poisoned. Its senses are darkvision: 120 ft., passive perception: 11 and it speaks Abyssal, telepathy 120 ft.. It has a Challenge Rating of 8. Special traits include: Magic Resistance, The hezrou has advantage on saving throws against spells and other magical effects., Stench, Any creature that starts its turn within 10 feet of the hezrou must succeed on a DC 14 Constitution saving throw or be poisoned until the start of its next turn. On a successful saving throw, the creature is immune to the hezrou's stench for 24 hours.. Actions available: Multiattack, The hezrou makes three attacks: one with its bite and two with its claws., Bite, Melee Weapon Attack: +7 to hit, reach 5 ft., one target. Hit: 15 (2d10 + 4) piercing damage., Claws, Melee Weapon Attack: +7 to hit, reach 5 ft., one target. Hit: 11 (2d6 + 4) slashing damage.."
./assets/ice-devil.jpg,"The Ice Devil is a fiend. It has an Armor Class of 18 and 180 Hit Points. Its speed is walk: 40 ft.. Its characteristics are STR 21, DEX 14, CON 18, INT 18, WIS 15, and CHA 18. It has saving throw proficiencies in DEX, CON, WIS, CHA. Damage resistances include bludgeoning, piercing, and slashing from nonmagical weapons that aren't silvered, and condition immunities include Poisoned. Its senses are blindsight: 60 ft., darkvision: 120 ft., passive perception: 12 and it speaks Infernal, telepathy 120 ft.. It has a Challenge Rating of 14. Special traits include: Devil's Sight, Magical darkness doesn't impede the devil's darkvision., Magic Resistance, The devil has advantage on saving throws against spells and other magical effects.. Actions available: Multiattack, The devil makes three attacks: one with its bite, one with its claws, and one with its tail., Bite, Melee Weapon Attack: +10 to hit, reach 5 ft., one target. Hit: 12 (2d6 + 5) piercing damage plus 10 (3d6) cold damage., Claws, Melee Weapon Attack: +10 to hit, reach 5 ft., one target. Hit: 10 (2d4 + 5) slashing damage plus 10 (3d6) cold damage., Tail, Melee Weapon Attack: +10 to hit, reach 10 ft., one target. Hit: 12 (2d6 + 5) bludgeoning damage plus 10 (3d6) cold damage., Wall of Ice, The devil magically forms an opaque wall of ice on a solid surface it can see within 60 feet of it. The wall is 1 foot thick and up to 30 feet long and 10 feet high, or it's a hemispherical dome up to 20 feet in diameter.
When the wall appears, each creature in its space is pushed out of it by the shortest route. The creature chooses which side of the wall to end up on, unless the creature is incapacitated. The creature then makes a DC 17 Dexterity saving throw, taking 35 (10d6) cold damage on a failed save, or half as much damage on a successful one.
The wall lasts for 1 minute or until the devil is incapacitated or dies. The wall can be damaged and breached; each 10-foot section has AC 5, 30 hit points, vulnerability to fire damage, and immunity to acid, cold, necrotic, poison, and psychic damage. If a section is destroyed, it leaves behind a sheet of frigid air in the space the wall occupied. Whenever a creature finishes moving through the frigid air on a turn, willingly or otherwise, the creature must make a DC 17 Constitution saving throw, taking 17 (5d6) cold damage on a failed save, or half as much damage on a successful one. The frigid air dissipates when the rest of the wall vanishes.."
./assets/drow.jpg,"The Drow is a humanoid. It has an Armor Class of 15 and 13 Hit Points. Its speed is walk: 30 ft.. Its characteristics are STR 10, DEX 14, CON 10, INT 11, WIS 11, and CHA 12. It has saving throw proficiencies in none. Damage resistances include none, and condition immunities include none. Its senses are darkvision: 120 ft., passive perception: 12 and it speaks Elvish, Undercommon. It has a Challenge Rating of 0.25. Special traits include: Fey Ancestry, The drow has advantage on saving throws against being charmed, and magic can't put the drow to sleep., Innate Spellcasting, The drow's spellcasting ability is Charisma (spell save DC 11). It can innately cast the following spells, requiring no material components:
At will: dancing lights
1/day each: darkness, faerie fire, Sunlight Sensitivity, While in sunlight, the drow has disadvantage on attack rolls, as well as on Wisdom (Perception) checks that rely on sight.. Actions available: Shortsword, Melee Weapon Attack: +4 to hit, reach 5 ft., one target. Hit: 5 (1d6 + 2) piercing damage., Hand Crossbow, Ranged Weapon Attack: +4 to hit, range 30/120 ft., one target. Hit: 5 (1d6 + 2) piercing damage, and the target must succeed on a DC 13 Constitution saving throw or be poisoned for 1 hour. If the saving throw fails by 5 or more, the target is also unconscious while poisoned in this way. The target wakes up if it takes damage or if another creature takes an action to shake it awake.."
./assets/spider.jpg,"The Spider is a beast. It has an Armor Class of 12 and 1 Hit Points. Its speed is walk: 20 ft., climb: 20 ft.. Its characteristics are STR 2, DEX 14, CON 8, INT 1, WIS 10, and CHA 2. It has saving throw proficiencies in none. Damage resistances include none, and condition immunities include none. Its senses are darkvision: 30 ft., passive perception: 12 and it speaks none. It has a Challenge Rating of 0. Special traits include: Spider Climb, The spider can climb difficult surfaces, including upside down on ceilings, without needing to make an ability check., Web Sense, While in contact with a web, the spider knows the exact location of any other creature in contact with the same web., Web Walker, The spider ignores movement restrictions caused by webbing.. Actions available: Bite, Melee Weapon Attack: +4 to hit, reach 5 ft., one creature. Hit: 1 piercing damage, and the target must succeed on a DC 9 Constitution saving throw or take 2 (1d4) poison damage.."
./assets/duergar.jpg,"The Duergar is a humanoid. It has an Armor Class of 16 and 26 Hit Points. Its speed is walk: 25 ft.. Its characteristics are STR 14, DEX 11, CON 14, INT 11, WIS 10, and CHA 9. It has saving throw proficiencies in none. Damage resistances include poison, and condition immunities include none. Its senses are darkvision: 120 ft., passive perception: 10 and it speaks Dwarvish, Undercommon. It has a Challenge Rating of 1. Special traits include: Duergar Resilience, The duergar has advantage on saving throws against poison, spells, and illusions, as well as to resist being charmed or paralyzed., Sunlight Sensitivity, While in sunlight, the duergar has disadvantage on attack rolls, as well as on Wisdom (Perception) checks that rely on sight.. Actions available: Enlarge, For 1 minute, the duergar magically increases in size, along with anything it is wearing or carrying. While enlarged, the duergar is Large, doubles its damage dice on Strength-based weapon attacks (included in the attacks), and makes Strength checks and Strength saving throws with advantage. If the duergar lacks the room to become Large, it attains the maximum size possible in the space available., War Pick, Melee Weapon Attack: +4 to hit, reach 5 ft., one target. Hit: 6 (1d8 + 2) piercing damage, or 11 (2d8 + 2) piercing damage while enlarged., Javelin, Melee or Ranged Weapon Attack: +4 to hit, reach 5 ft. or range 30/120 ft., one target. Hit: 5 (1d6 + 2) piercing damage, or 9 (2d6 + 2) piercing damage while enlarged., Invisibility, The duergar magically turns invisible until it attacks, casts a spell, or uses its Enlarge, or until its concentration is broken, up to 1 hour (as if concentrating on a spell). Any equipment the duergar wears or carries is invisible with it.."
./assets/adult-green-dragon.jpg,"The Adult Green Dragon is a dragon. It has an Armor Class of 19 and 207 Hit Points. Its speed is walk: 40 ft., fly: 80 ft., swim: 40 ft.. Its characteristics are STR 23, DEX 12, CON 21, INT 18, WIS 15, and CHA 17. It has saving throw proficiencies in DEX, CON, WIS, CHA. Damage resistances include none, and condition immunities include Poisoned. Its senses are blindsight: 60 ft., darkvision: 120 ft., passive perception: 22 and it speaks Common, Draconic. It has a Challenge Rating of 15. Special traits include: Amphibious, The dragon can breathe air and water., Legendary Resistance, If the dragon fails a saving throw, it can choose to succeed instead.. Actions available: Multiattack, The dragon can use its Frightful Presence. It then makes three attacks: one with its bite and two with its claws., Bite, Melee Weapon Attack: +11 to hit, reach 10 ft., one target. Hit: 17 (2d10 + 6) piercing damage plus 7 (2d6) poison damage., Claw, Melee Weapon Attack: +11 to hit, reach 5 ft., one target. Hit: 13 (2d6 + 6) slashing damage., Tail, Melee Weapon Attack: +11 to hit, reach 15 ft., one target. Hit: 15 (2d8 + 6) bludgeoning damage., Frightful Presence, Each creature of the dragon's choice that is within 120 feet of the dragon and aware of it must succeed on a DC 16 Wisdom saving throw or become frightened for 1 minute. A creature can repeat the saving throw at the end of each of its turns, ending the effect on itself on a success. If a creature's saving throw is successful or the effect ends for it, the creature is immune to the dragon's Frightful Presence for the next 24 hours ., Poison Breath, The dragon exhales poisonous gas in a 60-foot cone. Each creature in that area must make a DC 18 Constitution saving throw, taking 56 (16d6) poison damage on a failed save, or half as much damage on a successful one.."
./assets/adult-copper-dragon.jpg,"The Adult Copper Dragon is a dragon. It has an Armor Class of 18 and 184 Hit Points. Its speed is walk: 40 ft., climb: 40 ft., fly: 80 ft.. Its characteristics are STR 23, DEX 12, CON 21, INT 18, WIS 15, and CHA 17. It has saving throw proficiencies in DEX, CON, WIS, CHA. Damage resistances include none, and condition immunities include none. Its senses are blindsight: 60 ft., darkvision: 120 ft., passive perception: 22 and it speaks Common, Draconic. It has a Challenge Rating of 14. Special traits include: Legendary Resistance, If the dragon fails a saving throw, it can choose to succeed instead.. Actions available: Multiattack, The dragon can use its Frightful Presence. It then makes three attacks: one with its bite and two with its claws., Bite, Melee Weapon Attack: +11 to hit, reach 10 ft., one target. Hit: 17 (2d10 + 6) piercing damage., Claw, Melee Weapon Attack: +11 to hit, reach 5 ft., one target. Hit: 13 (2d6 + 6) slashing damage., Tail, Melee Weapon Attack: +11 to hit, reach 15 ft., one target. Hit: 15 (2d8 + 6) bludgeoning damage., Frightful Presence, Each creature of the dragon's choice that is within 120 feet of the dragon and aware of it must succeed on a DC 16 Wisdom saving throw or become frightened for 1 minute. A creature can repeat the saving throw at the end of each of its turns, ending the effect on itself on a success. If a creature's saving throw is successful or the effect ends for it, the creature is immune to the dragon's Frightful Presence for the next 24 hours., Breath Weapons, The dragon uses one of the following breath weapons.
Acid Breath. The dragon exhales acid in an 60-foot line that is 5 feet wide. Each creature in that line must make a DC 18 Dexterity saving throw, taking 54 (12d8) acid damage on a failed save, or half as much damage on a successful one.
Slowing Breath. The dragon exhales gas in a 60-foot cone. Each creature in that area must succeed on a DC 18 Constitution saving throw. On a failed save, the creature can't use reactions, its speed is halved, and it can't make more than one attack on its turn. In addition, the creature can use either an action or a bonus action on its turn, but not both. These effects last for 1 minute. The creature can repeat the saving throw at the end of each of its turns, ending the effect on itself with a successful save.."
./assets/black-pudding.jpg,"The Black Pudding is a ooze. It has an Armor Class of 7 and 85 Hit Points. Its speed is walk: 20 ft., climb: 20 ft.. Its characteristics are STR 16, DEX 5, CON 16, INT 1, WIS 6, and CHA 1. It has saving throw proficiencies in none. Damage resistances include none, and condition immunities include Blinded, Charmed, Exhaustion, Frightened, Prone. Its senses are blindsight: 60 ft. (blind beyond this radius), passive perception: 8 and it speaks none. It has a Challenge Rating of 4. Special traits include: Amorphous, The pudding can move through a space as narrow as 1 inch wide without squeezing., Corrosive Form, A creature that touches the pudding or hits it with a melee attack while within 5 feet of it takes 4 (1d8) acid damage. Any nonmagical weapon made of metal or wood that hits the pudding corrodes. After dealing damage, the weapon takes a permanent and cumulative -1 penalty to damage rolls. If its penalty drops to -5, the weapon is destroyed. Nonmagical ammunition made of metal or wood that hits the pudding is destroyed after dealing damage. The pudding can eat through 2-inch-thick, nonmagical wood or metal in 1 round., Spider Climb, The pudding can climb difficult surfaces, including upside down on ceilings, without needing to make an ability check.. Actions available: Pseudopod, Melee Weapon Attack: +5 to hit, reach 5 ft., one target. Hit: 6 (1d6 + 3) bludgeoning damage plus 18 (4d8) acid damage. In addition, nonmagical armor worn by the target is partly dissolved and takes a permanent and cumulative -1 penalty to the AC it offers. The armor is destroyed if the penalty reduces its AC to 10.."
./assets/centaur.jpg,"The Centaur is a monstrosity. It has an Armor Class of 12 and 45 Hit Points. Its speed is walk: 50 ft.. Its characteristics are STR 18, DEX 14, CON 14, INT 9, WIS 13, and CHA 11. It has saving throw proficiencies in none. Damage resistances include none, and condition immunities include none. Its senses are passive perception: 13 and it speaks Elvish, Sylvan. It has a Challenge Rating of 2. Special traits include: Charge, If the centaur moves at least 30 ft. straight toward a target and then hits it with a pike attack on the same turn, the target takes an extra 10 (3d6) piercing damage.. Actions available: Multiattack, The centaur makes two attacks: one with its pike and one with its hooves or two with its longbow., Pike, Melee Weapon Attack: +6 to hit, reach 10 ft., one target. Hit: 9 (1d10 + 4) piercing damage., Hooves, Melee Weapon Attack: +6 to hit, reach 5 ft., one target. Hit: 11 (2d6 + 4) bludgeoning damage., Longbow, Ranged Weapon Attack: +4 to hit, range 150/600 ft., one target. Hit: 6 (1d8 + 2) piercing damage.."
./assets/horned-devil.jpg,"The Horned Devil is a fiend. It has an Armor Class of 18 and 178 Hit Points. Its speed is walk: 20 ft., fly: 60 ft.. Its characteristics are STR 22, DEX 17, CON 21, INT 12, WIS 16, and CHA 17. It has saving throw proficiencies in STR, DEX, WIS, CHA. Damage resistances include cold, bludgeoning, piercing, and slashing from nonmagical weapons that aren't silvered, and condition immunities include Poisoned. Its senses are darkvision: 120 ft., passive perception: 13 and it speaks Infernal, telepathy 120 ft.. It has a Challenge Rating of 11. Special traits include: Devil's Sight, Magical darkness doesn't impede the devil's darkvision., Magic Resistance, The devil has advantage on saving throws against spells and other magical effects.. Actions available: Multiattack, The devil makes three melee attacks: two with its fork and one with its tail. It can use Hurl Flame in place of any melee attack., Fork, Melee Weapon Attack: +10 to hit, reach 10 ft., one target. Hit: 15 (2d8 + 6) piercing damage., Tail, Melee Weapon Attack: +10 to hit, reach 10 ft., one target. Hit: 10 (1d8 + 6) piercing damage. If the target is a creature other than an undead or a construct, it must succeed on a DC 17 Constitution saving throw or lose 10 (3d6) hit points at the start of each of its turns due to an infernal wound. Each time the devil hits the wounded target with this attack, the damage dealt by the wound increases by 10 (3d6). Any creature can take an action to stanch the wound with a successful DC 12 Wisdom (Medicine) check. The wound also closes if the target receives magical healing., Hurl Flame, Ranged Spell Attack: +7 to hit, range 150 ft., one target. Hit: 14 (4d6) fire damage. If the target is a flammable object that isn't being worn or carried, it also catches fire.."
./assets/frog.jpg,"The Frog is a beast. It has an Armor Class of 11 and 1 Hit Points. Its speed is walk: 20 ft., swim: 20 ft.. Its characteristics are STR 1, DEX 13, CON 8, INT 1, WIS 8, and CHA 3. It has saving throw proficiencies in none. Damage resistances include none, and condition immunities include none. Its senses are darkvision: 30 ft., passive perception: 11 and it speaks none. It has a Challenge Rating of 0. Special traits include: Amphibious, The frog can breathe air and water, Standing Leap, The frog's long jump is up to 10 ft. and its high jump is up to 5 ft., with or without a running start.. Actions available: ."
./assets/ancient-copper-dragon.jpg,"The Ancient Copper Dragon is a dragon. It has an Armor Class of 21 and 350 Hit Points. Its speed is walk: 40 ft., climb: 40 ft., fly: 80 ft.. Its characteristics are STR 27, DEX 12, CON 25, INT 20, WIS 17, and CHA 19. It has saving throw proficiencies in DEX, CON, WIS, CHA. Damage resistances include none, and condition immunities include none. Its senses are blindsight: 60 ft., darkvision: 120 ft., passive perception: 27 and it speaks Common, Draconic. It has a Challenge Rating of 21. Special traits include: Legendary Resistance, If the dragon fails a saving throw, it can choose to succeed instead.. Actions available: Multiattack, The dragon can use its Frightful Presence. It then makes three attacks: one with its bite and two with its claws., Bite, Melee Weapon Attack: +15 to hit, reach 15 ft., one target. Hit: 19 (2d10 + 8) piercing damage., Claw, Melee Weapon Attack: +15 to hit, reach 10 ft., one target. Hit: 15 (2d6 + 8) slashing damage., Tail, Melee Weapon Attack: +15 to hit, reach 20 ft., one target. Hit: 17 (2d8 + 8) bludgeoning damage., Frightful Presence, Each creature of the dragon's choice that is within 120 feet of the dragon and aware of it must succeed on a DC 19 Wisdom saving throw or become frightened for 1 minute. A creature can repeat the saving throw at the end of each of its turns, ending the effect on itself on a success. If a creature's saving throw is successful or the effect ends for it, the creature is immune to the dragon's Frightful Presence for the next 24 hours., Breath Weapons, The dragon uses one of the following breath weapons.
Acid Breath. The dragon exhales acid in an 90-foot line that is 10 feet wide. Each creature in that line must make a DC 22 Dexterity saving throw, taking 63 (14d8) acid damage on a failed save, or half as much damage on a successful one.
Slowing Breath. The dragon exhales gas in a 90-foot cone. Each creature in that area must succeed on a DC 22 Constitution saving throw. On a failed save, the creature can't use reactions, its speed is halved, and it can't make more than one attack on its turn. In addition, the creature can use either an action or a bonus action on its turn, but not both. These effects last for 1 minute. The creature can repeat the saving throw at the end of each of its turns, ending the effect on itself with a successful save., Change Shape, The dragon magically polymorphs into a humanoid or beast that has a challenge rating no higher than its own, or back into its true form. It reverts to its true form if it dies. Any equipment it is wearing or carrying is absorbed or borne by the new form (the dragon's choice).
In a new form, the dragon retains its alignment, hit points, Hit Dice, ability to speak, proficiencies, Legendary Resistance, lair actions, and Intelligence, Wisdom, and Charisma scores, as well as this action. Its statistics and capabilities are otherwise replaced by those of the new form, except any class features or legendary actions of that form.."
./assets/sea-hag.jpg,"The Sea Hag is a fey. It has an Armor Class of 14 and 52 Hit Points. Its speed is walk: 30 ft., swim: 40 ft.. Its characteristics are STR 16, DEX 13, CON 16, INT 12, WIS 12, and CHA 13. It has saving throw proficiencies in none. Damage resistances include none, and condition immunities include none. Its senses are darkvision: 60 ft., passive perception: 11 and it speaks Aquan, Common, Giant. It has a Challenge Rating of 2. Special traits include: Amphibious, The hag can breathe air and water., Horrific Appearance, Any humanoid that starts its turn within 30 feet of the hag and can see the hag's true form must make a DC 11 Wisdom saving throw. On a failed save, the creature is frightened for 1 minute. A creature can repeat the saving throw at the end of each of its turns, with disadvantage if the hag is within line of sight, ending the effect on itself on a success. If a creature's saving throw is successful or the effect ends for it, the creature is immune to the hag's Horrific Appearance for the next 24 hours.
Unless the target is surprised or the revelation of the hag's true form is sudden, the target can avert its eyes and avoid making the initial saving throw. Until the start of its next turn, a creature that averts its eyes has disadvantage on attack rolls against the hag.. Actions available: Claws, Melee Weapon Attack: +5 to hit, reach 5 ft., one target. Hit: 10 (2d6 + 3) slashing damage., Death Glare, The hag targets one frightened creature she can see within 30 ft. of her. If the target can see the hag, it must succeed on a DC 11 Wisdom saving throw against this magic or drop to 0 hit points., Illusory Appearance, The hag covers herself and anything she is wearing or carrying with a magical illusion that makes her look like an ugly creature of her general size and humanoid shape. The effect ends if the hag takes a bonus action to end it or if she dies.
The changes wrought by this effect fail to hold up to physical inspection. For example, the hag could appear to have no claws, but someone touching her hand might feel the claws. Otherwise, a creature must take an action to visually inspect the illusion and succeed on a DC 16 Intelligence (Investigation) check to discern that the hag is disguised.."
./assets/quasit.jpg,"The Quasit is a fiend. It has an Armor Class of 13 and 7 Hit Points. Its speed is walk: 40 ft.. Its characteristics are STR 5, DEX 17, CON 10, INT 7, WIS 10, and CHA 10. It has saving throw proficiencies in none. Damage resistances include cold, fire, lightning, bludgeoning, piercing, and slashing from nonmagical weapons, and condition immunities include Poisoned. Its senses are darkvision: 120 ft., passive perception: 10 and it speaks Abyssal, Common. It has a Challenge Rating of 1. Special traits include: Shapechanger, The quasit can use its action to polymorph into a beast form that resembles a bat (speed 10 ft. fly 40 ft.), a centipede (40 ft., climb 40 ft.), or a toad (40 ft., swim 40 ft.), or back into its true form . Its statistics are the same in each form, except for the speed changes noted. Any equipment it is wearing or carrying isn't transformed . It reverts to its true form if it dies., Magic Resistance, The quasit has advantage on saving throws against spells and other magical effects.. Actions available: Claw (Bite in Beast Form), Melee Weapon Attack: +4 to hit, reach 5 ft., one target. Hit: 5 (1d4 + 3) piercing damage, and the target must succeed on a DC 10 Constitution saving throw or take 5 (2d4) poison damage and become poisoned for 1 minute. The target can repeat the saving throw at the end of each of its turns, ending the effect on itself on a success., Scare, One creature of the quasit's choice within 20 ft. of it must succeed on a DC 10 Wisdom saving throw or be frightened for 1 minute. The target can repeat the saving throw at the end of each of its turns, with disadvantage if the quasit is within line of sight, ending the effect on itself on a success., Invisibility, The quasit magically turns invisible until it attacks or uses Scare, or until its concentration ends (as if concentrating on a spell). Any equipment the quasit wears or carries is invisible with it.."
./assets/hippogriff.jpg,"The Hippogriff is a monstrosity. It has an Armor Class of 11 and 19 Hit Points. Its speed is walk: 40 ft., fly: 60 ft.. Its characteristics are STR 17, DEX 13, CON 13, INT 2, WIS 12, and CHA 8. It has saving throw proficiencies in none. Damage resistances include none, and condition immunities include none. Its senses are passive perception: 15 and it speaks none. It has a Challenge Rating of 1. Special traits include: Keen Sight, The hippogriff has advantage on Wisdom (Perception) checks that rely on sight.. Actions available: Multiattack, The hippogriff makes two attacks: one with its beak and one with its claws., Beak, Melee Weapon Attack: +5 to hit, reach 5 ft., one target. Hit: 8 (1d10 + 3) piercing damage., Claws, Melee Weapon Attack: +5 to hit, reach 5 ft., one target. Hit: 10 (2d6 + 3) slashing damage.."
./assets/adult-gold-dragon.jpg,"The Adult Gold Dragon is a dragon. It has an Armor Class of 19 and 256 Hit Points. Its speed is walk: 40 ft., fly: 80 ft., swim: 40 ft.. Its characteristics are STR 27, DEX 14, CON 25, INT 16, WIS 15, and CHA 24. It has saving throw proficiencies in DEX, CON, WIS, CHA. Damage resistances include none, and condition immunities include none. Its senses are blindsight: 60 ft., darkvision: 120 ft., passive perception: 24 and it speaks Common, Draconic. It has a Challenge Rating of 17. Special traits include: Amphibious, The dragon can breathe air and water., Legendary Resistance, If the dragon fails a saving throw, it can choose to succeed instead.. Actions available: Multiattack, The dragon can use its Frightful Presence. It then makes three attacks: one with its bite and two with its claws., Bite, Melee Weapon Attack: +14 to hit, reach 10 ft., one target. Hit: 19 (2d10 + 8) piercing damage., Claw, Melee Weapon Attack: +14 to hit, reach 5 ft., one target. Hit: 15 (2d6 + 8) slashing damage., Tail, Melee Weapon Attack: +14 to hit, reach 15 ft., one target. Hit: 17 (2d8 + 8) bludgeoning damage., Frightful Presence, Each creature of the dragon's choice that is within 120 feet of the dragon and aware of it must succeed on a DC 21 Wisdom saving throw or become frightened for 1 minute. A creature can repeat the saving throw at the end of each of its turns, ending the effect on itself on a success. If a creature's saving throw is successful or the effect ends for it, the creature is immune to the dragon's Frightful Presence for the next 24 hours., Breath Weapons, The dragon uses one of the following breath weapons.
Fire Breath. The dragon exhales fire in a 60-foot cone. Each creature in that area must make a DC 21 Dexterity saving throw, taking 66 (12d10) fire damage on a failed save, or half as much damage on a successful one.
Weakening Breath. The dragon exhales gas in a 60-foot cone. Each creature in that area must succeed on a DC 21 Strength saving throw or have disadvantage on Strength-based attack rolls, Strength checks, and Strength saving throws for 1 minute. A creature can repeat the saving throw at the end of each of its turns, ending the effect on itself on a success.."
./assets/erinyes.jpg,"The Erinyes is a fiend. It has an Armor Class of 18 and 153 Hit Points. Its speed is walk: 30 ft., fly: 60 ft.. Its characteristics are STR 18, DEX 16, CON 18, INT 14, WIS 14, and CHA 18. It has saving throw proficiencies in DEX, CON, WIS, CHA. Damage resistances include cold, bludgeoning, piercing, and slashing from nonmagical weapons that aren't silvered, and condition immunities include Poisoned. Its senses are truesight: 120 ft., passive perception: 12 and it speaks Infernal, telepathy 120 ft.. It has a Challenge Rating of 12. Special traits include: Hellish Weapons, The erinyes's weapon attacks are magical and deal an extra 13 (3d8) poison damage on a hit (included in the attacks)., Magic Resistance, The erinyes has advantage on saving throws against spells and other magical effects.. Actions available: Multiattack, The erinyes makes three attacks, Longsword, Melee Weapon Attack: +8 to hit, reach 5 ft., one target. Hit: 8 (1d8 + 4) slashing damage, or 9 (1d10 + 4) slashing damage if used with two hands, plus 13 (3d8) poison damage., Longbow, Ranged Weapon Attack: +7 to hit, range 150/600 ft., one target. Hit: 7 (1d8 + 3) piercing damage plus 13 (3d8) poison damage, and the target must succeed on a DC 14 Constitution saving throw or be poisoned. The poison lasts until it is removed by the lesser restoration spell or similar magic.."
./assets/wight.jpg,"The Wight is a undead. It has an Armor Class of 14 and 45 Hit Points. Its speed is walk: 30 ft.. Its characteristics are STR 15, DEX 14, CON 16, INT 10, WIS 13, and CHA 15. It has saving throw proficiencies in none. Damage resistances include necrotic, bludgeoning, piercing, and slashing from nonmagical weapons that aren't silvered, and condition immunities include Exhaustion, Poisoned. Its senses are darkvision: 60 ft., passive perception: 13 and it speaks the languages it knew in life. It has a Challenge Rating of 3. Special traits include: Sunlight Sensitivity, While in sunlight, the wight has disadvantage on attack rolls, as well as on Wisdom (Perception) checks that rely on sight.. Actions available: Multiattack, The wight makes two longsword attacks or two longbow attacks. It can use its Life Drain in place of one longsword attack., Life Drain, Melee Weapon Attack: +4 to hit, reach 5 ft., one creature. Hit: 5 (1d6 + 2) necrotic damage. The target must succeed on a DC 13 Constitution saving throw or its hit point maximum is reduced by an amount equal to the damage taken. This reduction lasts until the target finishes a long rest. The target dies if this effect reduces its hit point maximum to 0.
A humanoid slain by this attack rises 24 hours later as a zombie under the wight's control, unless the humanoid is restored to life or its body is destroyed. The wight can have no more than twelve zombies under its control at one time., Longsword, Melee Weapon Attack: +4 to hit, reach 5 ft., one target. Hit: 6 (1d8 + 2) slashing damage, or 7 (1d10 + 2) slashing damage if used with two hands., Longbow, Ranged Weapon Attack: +4 to hit, range 150/600 ft., one target. Hit: 6 (1d8 + 2) piercing damage.."
./assets/skeleton.jpg,"The Skeleton is a undead. It has an Armor Class of 13 and 13 Hit Points. Its speed is walk: 30 ft.. Its characteristics are STR 10, DEX 14, CON 15, INT 6, WIS 8, and CHA 5. It has saving throw proficiencies in none. Damage resistances include none, and condition immunities include Poisoned, Exhaustion. Its senses are darkvision: 60 ft., passive perception: 9 and it speaks understands all languages it spoke in life but can't speak. It has a Challenge Rating of 0.25. Special traits include: . Actions available: Shortsword, Melee Weapon Attack: +4 to hit, reach 5 ft., one target. Hit: 5 (1d6 + 2) piercing damage., Shortbow, Ranged Weapon Attack: +4 to hit, range 80/320 ft., one target. Hit: 5 (1d6 + 2) piercing damage.."
./assets/noble.jpg,"The Noble is a humanoid. It has an Armor Class of 15 and 9 Hit Points. Its speed is walk: 30 ft.. Its characteristics are STR 11, DEX 12, CON 11, INT 12, WIS 14, and CHA 16. It has saving throw proficiencies in none. Damage resistances include none, and condition immunities include none. Its senses are passive perception: 12 and it speaks any two languages. It has a Challenge Rating of 0.125. Special traits include: . Actions available: Rapier, Melee Weapon Attack: +3 to hit, reach 5 ft., one target. Hit: 5 (1d8 + 1) piercing damage.."
./assets/roc.jpg,"The Roc is a monstrosity. It has an Armor Class of 15 and 248 Hit Points. Its speed is walk: 20 ft., fly: 120 ft.. Its characteristics are STR 28, DEX 10, CON 20, INT 3, WIS 10, and CHA 9. It has saving throw proficiencies in DEX, CON, WIS, CHA. Damage resistances include none, and condition immunities include none. Its senses are passive perception: 14 and it speaks none. It has a Challenge Rating of 11. Special traits include: Keen Sight, The roc has advantage on Wisdom (Perception) checks that rely on sight.. Actions available: Multiattack, The roc makes two attacks: one with its beak and one with its talons., Beak, Melee Weapon Attack: +13 to hit, reach 10 ft., one target. Hit: 27 (4d8 + 9) piercing damage., Talons, Melee Weapon Attack: +13 to hit, reach 5 ft., one target. Hit: 23 (4d6 + 9) slashing damage, and the target is grappled (escape DC 19). Until this grapple ends, the target is restrained, and the roc can't use its talons on another target.."
./assets/mummy.jpg,"The Mummy is a undead. It has an Armor Class of 11 and 58 Hit Points. Its speed is walk: 20 ft.. Its characteristics are STR 16, DEX 8, CON 15, INT 6, WIS 10, and CHA 12. It has saving throw proficiencies in WIS. Damage resistances include bludgeoning, piercing, and slashing from nonmagical weapons, and condition immunities include Charmed, Exhaustion, Frightened, Paralyzed, Poisoned. Its senses are darkvision: 60 ft., passive perception: 10 and it speaks the languages it knew in life. It has a Challenge Rating of 3. Special traits include: . Actions available: Multiattack, The mummy can use its Dreadful Glare and makes one attack with its rotting fist., Rotting Fist, Melee Weapon Attack: +5 to hit, reach 5 ft., one target. Hit: 10 (2d6 + 3) bludgeoning damage plus 10 (3d6) necrotic damage. If the target is a creature, it must succeed on a DC 12 Constitution saving throw or be cursed with mummy rot. The cursed target can't regain hit points, and its hit point maximum decreases by 10 (3d6) for every 24 hours that elapse. If the curse reduces the target's hit point maximum to 0, the target dies, and its body turns to dust. The curse lasts until removed by the remove curse spell or other magic., Dreadful Glare, The mummy targets one creature it can see within 60 ft. of it. If the target can see the mummy, it must succeed on a DC 11 Wisdom saving throw against this magic or become frightened until the end of the mummy's next turn. If the target fails the saving throw by 5 or more, it is also paralyzed for the same duration. A target that succeeds on the saving throw is immune to the Dreadful Glare of all mummies (but not mummy lords) for the next 24 hours.."
./assets/cockatrice.jpg,"The Cockatrice is a monstrosity. It has an Armor Class of 11 and 27 Hit Points. Its speed is walk: 20 ft., fly: 40 ft.. Its characteristics are STR 6, DEX 12, CON 12, INT 2, WIS 13, and CHA 5. It has saving throw proficiencies in none. Damage resistances include none, and condition immunities include none. Its senses are darkvision: 60 ft., passive perception: 11 and it speaks none. It has a Challenge Rating of 0.5. Special traits include: . Actions available: Bite, Melee Weapon Attack: +3 to hit, reach 5 ft., one creature. Hit: 3 (1d4 + 1) piercing damage, and the target must succeed on a DC 11 Constitution saving throw against being magically petrified. On a failed save, the creature begins to turn to stone and is restrained. It must repeat the saving throw at the end of its next turn. On a success, the effect ends. On a failure, the creature is petrified for 24 hours.."
./assets/doppelganger.jpg,"The Doppelganger is a monstrosity. It has an Armor Class of 14 and 52 Hit Points. Its speed is walk: 30 ft.. Its characteristics are STR 11, DEX 18, CON 14, INT 11, WIS 12, and CHA 14. It has saving throw proficiencies in none. Damage resistances include none, and condition immunities include Charmed. Its senses are darkvision: 60 ft., passive perception: 11 and it speaks Common. It has a Challenge Rating of 3. Special traits include: Shapechanger, The doppelganger can use its action to polymorph into a Small or Medium humanoid it has seen, or back into its true form. Its statistics, other than its size, are the same in each form. Any equipment it is wearing or carrying isn't transformed. It reverts to its true form if it dies., Ambusher, In the first round of combat, the doppelganger has advantage on attack rolls against any creature it has surprised., Surprise Attack, If the doppelganger surprises a creature and hits it with an attack during the first round of combat, the target takes an extra 10 (3d6) damage from the attack.. Actions available: Multiattack, The doppelganger makes two melee attacks., Slam, Melee Weapon Attack: +6 to hit, reach 5 ft., one target. Hit: 7 (1d6 + 4) bludgeoning damage., Read Thoughts, The doppelganger magically reads the surface thoughts of one creature within 60 ft. of it. The effect can penetrate barriers, but 3 ft. of wood or dirt, 2 ft. of stone, 2 inches of metal, or a thin sheet of lead blocks it. While the target is in range, the doppelganger can continue reading its thoughts, as long as the doppelganger's concentration isn't broken (as if concentrating on a spell). While reading the target's mind, the doppelganger has advantage on Wisdom (Insight) and Charisma (Deception, Intimidation, and Persuasion) checks against the target.."
./assets/efreeti.jpg,"The Efreeti is a elemental. It has an Armor Class of 17 and 200 Hit Points. Its speed is walk: 40 ft., fly: 60 ft.. Its characteristics are STR 22, DEX 12, CON 24, INT 16, WIS 15, and CHA 16. It has saving throw proficiencies in INT, WIS, CHA. Damage resistances include none, and condition immunities include none. Its senses are darkvision: 120 ft., passive perception: 12 and it speaks Ignan. It has a Challenge Rating of 11. Special traits include: Elemental Demise, If the efreeti dies, its body disintegrates in a flash of fire and puff of smoke, leaving behind only equipment the djinni was wearing or carrying., Innate Spellcasting, The efreeti's innate spell casting ability is Charisma (spell save DC 15, +7 to hit with spell attacks). It can innately cast the following spells, requiring no material components:

At will: detect magic
3/day: enlarge/reduce, tongues
1/day each: conjure elemental (fire elemental only), gaseous form, invisibility, major image, plane shift, wall of fire. Actions available: Multiattack, The efreeti makes two scimitar attacks or uses its Hurl Flame twice., Scimitar, Melee Weapon Attack: +10 to hit, reach 5 ft., one target. Hit: 13 (2d6 + 6) slashing damage plus 7 (2d6) fire damage., Hurl Flame, Ranged Spell Attack: +7 to hit, range 120 ft., one target. Hit: 17 (5d6) fire damage.."
./assets/solar.jpg,"The Solar is a celestial. It has an Armor Class of 21 and 243 Hit Points. Its speed is walk: 50 ft., fly: 150 ft.. Its characteristics are STR 26, DEX 22, CON 26, INT 25, WIS 25, and CHA 30. It has saving throw proficiencies in INT, WIS, CHA. Damage resistances include radiant, bludgeoning, piercing, and slashing from nonmagical weapons, and condition immunities include Charmed, Exhaustion, Frightened, Poisoned. Its senses are truesight: 120 ft., passive perception: 24 and it speaks all, telepathy 120 ft.. It has a Challenge Rating of 21. Special traits include: Angelic Weapons, The solar's weapon attacks are magical. When the solar hits with any weapon, the weapon deals an extra 6d8 radiant damage (included in the attack)., Divine Awareness, The solar knows if it hears a lie., Innate Spellcasting, The solar's spell casting ability is Charisma (spell save DC 25). It can innately cast the following spells, requiring no material components:
At will: detect evil and good, invisibility (self only)
3/day each: blade barrier, dispel evil and good, resurrection
1/day each: commune, control weather, Magic Resistance, The solar has advantage on saving throws against spells and other magical effects.. Actions available: Multiattack, The solar makes two greatsword attacks., Greatsword, Melee Weapon Attack: +15 to hit, reach 5 ft., one target. Hit: 22 (4d6 + 8) slashing damage plus 27 (6d8) radiant damage., Slaying Longbow, Ranged Weapon Attack: +13 to hit, range 150/600 ft., one target. Hit: 15 (2d8 + 6) piercing damage plus 27 (6d8) radiant damage. If the target is a creature that has 190 hit points or fewer, it must succeed on a DC 15 Constitution saving throw or die., Flying Sword, The solar releases its greatsword to hover magically in an unoccupied space within 5 ft. of it. If the solar can see the sword, the solar can mentally command it as a bonus action to fly up to 50 ft. and either make one attack against a target or return to the solar's hands. If the hovering sword is targeted by any effect, the solar is considered to be holding it. The hovering sword falls if the solar dies., Healing Touch, The solar touches another creature. The target magically regains 40 (8d8 + 4) hit points and is freed from any curse, disease, poison, blindness, or deafness.."
./assets/dryad.jpg,"The Dryad is a fey. It has an Armor Class of 11, 16 and 22 Hit Points. Its speed is walk: 30 ft.. Its characteristics are STR 10, DEX 12, CON 11, INT 14, WIS 15, and CHA 18. It has saving throw proficiencies in none. Damage resistances include none, and condition immunities include none. Its senses are darkvision: 60 ft., passive perception: 14 and it speaks Elvish, Sylvan. It has a Challenge Rating of 1. Special traits include: Innate Spellcasting, The dryad's innate spellcasting ability is Charisma (spell save DC 14). The dryad can innately cast the following spells, requiring no material components:

At will: druidcraft
3/day each: entangle, goodberry
1/day each: barkskin, pass without trace, shillelagh, Magic Resistance, The dryad has advantage on saving throws against spells and other magical effects., Speak with Beasts and Plants, The dryad can communicate with beasts and plants as if they shared a language., Tree Stride, Once on her turn, the dryad can use 10 ft. of her movement to step magically into one living tree within her reach and emerge from a second living tree within 60 ft. of the first tree, appearing in an unoccupied space within 5 ft. of the second tree. Both trees must be large or bigger.. Actions available: Club, Melee Weapon Attack: +2 to hit (+6 to hit with shillelagh), reach 5 ft., one target. Hit: 2 (1d4) bludgeoning damage, or 8 (1d8 + 4) bludgeoning damage with shillelagh., Fey Charm, The dryad targets one humanoid or beast that she can see within 30 feet of her. If the target can see the dryad, it must succeed on a DC 14 Wisdom saving throw or be magically charmed. The charmed creature regards the dryad as a trusted friend to be heeded and protected. Although the target isn't under the dryad's control, it takes the dryad's requests or actions in the most favorable way it can.
Each time the dryad or its allies do anything harmful to the target, it can repeat the saving throw, ending the effect on itself on a success. Otherwise, the effect lasts 24 hours or until the dryad dies, is on a different plane of existence from the target, or ends the effect as a bonus action. If a target's saving throw is successful, the target is immune to the dryad's Fey Charm for the next 24 hours.
The dryad can have no more than one humanoid and up to three beasts charmed at a time.."
./assets/flesh-golem.jpg,"The Flesh Golem is a construct. It has an Armor Class of 9 and 93 Hit Points. Its speed is walk: 30 ft.. Its characteristics are STR 19, DEX 9, CON 18, INT 6, WIS 10, and CHA 5. It has saving throw proficiencies in none. Damage resistances include none, and condition immunities include Charmed, Exhaustion, Frightened, Paralyzed, Petrified, Poisoned. Its senses are darkvision: 60 ft., passive perception: 10 and it speaks understands the languages of its creator but can't speak. It has a Challenge Rating of 5. Special traits include: Berserk, Whenever the golem starts its turn with 40 hit points or fewer, roll a d6. On a 6, the golem goes berserk. On each of its turns while berserk, the golem attacks the nearest creature it can see. If no creature is near enough to move to and attack, the golem attacks an object, with preference for an object smaller than itself. Once the golem goes berserk, it continues to do so until it is destroyed or regains all its hit points.
The golem's creator, if within 60 feet of the berserk golem, can try to calm it by speaking firmly and persuasively. The golem must be able to hear its creator, who must take an action to make a DC 15 Charisma (Persuasion) check. If the check succeeds, the golem ceases being berserk. If it takes damage while still at 40 hit points or fewer, the golem might go berserk again., Aversion of Fire, If the golem takes fire damage, it has disadvantage on attack rolls and ability checks until the end of its next turn., Immutable Form, The golem is immune to any spell or effect that would alter its form., Lightning Absorption, Whenever the golem is subjected to lightning damage, it takes no damage and instead regains a number of hit points equal to the lightning damage dealt., Magic Resistance, The golem has advantage on saving throws against spells and other magical effects., Magic Weapons, The golem's weapon attacks are magical.. Actions available: Multiattack, The golem makes two slam attacks., Slam, Melee Weapon Attack: +7 to hit, reach 5 ft., one target. Hit: 13 (2d8 + 4) bludgeoning damage.."
./assets/shield-guardian.jpg,"The Shield Guardian is a construct. It has an Armor Class of 17 and 142 Hit Points. Its speed is walk: 30 ft.. Its characteristics are STR 18, DEX 8, CON 18, INT 7, WIS 10, and CHA 3. It has saving throw proficiencies in none. Damage resistances include none, and condition immunities include Charmed, Exhaustion, Frightened, Paralyzed, Poisoned. Its senses are blindsight: 10 ft., darkvision: 60 ft., passive perception: 10 and it speaks understands commands given in any language but can't speak. It has a Challenge Rating of 7. Special traits include: Bound, The shield guardian is magically bound to an amulet. As long as the guardian and its amulet are on the same plane of existence, the amulet's wearer can telepathically call the guardian to travel to it, and the guardian knows the distance and direction to the amulet. If the guardian is within 60 feet of the amulet's wearer, half of any damage the wearer takes (rounded up) is transferred to the guardian., Regeneration, The shield guardian regains 10 hit points at the start of its turn if it has at least 1 hit. point., Spell Storing, A spellcaster who wears the shield guardian's amulet can cause the guardian to store one spell of 4th level or lower. To do so, the wearer must cast the spell on the guardian. The spell has no effect but is stored within the guardian. When commanded to do so by the wearer or when a situation arises that was predefined by the spellcaster, the guardian casts the stored spell with any parameters set by the original caster, requiring no components. When the spell is cast or a new spell is stored, any previously stored spell is lost.. Actions available: Multiattack, The guardian makes two fist attacks., Fist, Melee Weapon Attack: +7 to hit, reach 5 ft., one target. Hit: 11 (2d6 + 4) bludgeoning damage.."
./assets/ancient-blue-dragon.jpg,"The Ancient Blue Dragon is a dragon. It has an Armor Class of 22 and 481 Hit Points. Its speed is walk: 40 ft., burrow: 40 ft., fly: 80 ft.. Its characteristics are STR 29, DEX 10, CON 27, INT 18, WIS 17, and CHA 21. It has saving throw proficiencies in DEX, CON, WIS, CHA. Damage resistances include none, and condition immunities include none. Its senses are blindsight: 60 ft., darkvision: 120 ft., passive perception: 27 and it speaks Common, Draconic. It has a Challenge Rating of 23. Special traits include: Legendary Resistance, If the dragon fails a saving throw, it can choose to succeed instead.. Actions available: Multiattack, The dragon can use its Frightful Presence. It then makes three attacks: one with its bite and two with its claws., Bite, Melee Weapon Attack: +16 to hit, reach 15 ft., one target. Hit: 20 (2d10 + 9) piercing damage plus 11 (2d10) lightning damage., Claw, Melee Weapon Attack: +16 to hit, reach 10 ft., one target. Hit: 16 (2d6 + 9) slashing damage., Tail, Melee Weapon Attack: +16 to hit, reach 20 ft., one target. Hit: 18 (2d8 + 9) bludgeoning damage., Frightful Presence, Each creature of the dragon's choice that is within 120 feet of the dragon and aware of it must succeed on a DC 20 Wisdom saving throw or become frightened for 1 minute. A creature can repeat the saving throw at the end of each of its turns, ending the effect on itself on a success. If a creature's saving throw is successful or the effect ends for it, the creature is immune to the dragon's Frightful Presence for the next 24 hours., Lightning Breath, The dragon exhales lightning in a 120-foot line that is 10 feet wide. Each creature in that line must make a DC 23 Dexterity saving throw, taking 88 (16d10) lightning damage on a failed save, or half as much damage on a successful one.."
./assets/pit-fiend.jpg,"The Pit Fiend is a fiend. It has an Armor Class of 19 and 300 Hit Points. Its speed is walk: 30 ft., fly: 60 ft.. Its characteristics are STR 26, DEX 14, CON 24, INT 22, WIS 18, and CHA 24. It has saving throw proficiencies in DEX, CON, WIS. Damage resistances include cold, bludgeoning, piercing, and slashing from nonmagical weapons that aren't silvered, and condition immunities include Poisoned. Its senses are truesight: 120 ft., passive perception: 14 and it speaks Infernal, telepathy 120 ft.. It has a Challenge Rating of 20. Special traits include: Fear Aura, Any creature hostile to the pit fiend that starts its turn within 20 feet of the pit fiend must make a DC 21 Wisdom saving throw, unless the pit fiend is incapacitated. On a failed save, the creature is frightened until the start of its next turn. If a creature's saving throw is successful, the creature is immune to the pit fiend's Fear Aura for the next 24 hours., Magic Resistance, The pit fiend has advantage on saving throws against spells and other magical effects., Magic Weapons, The pit fiend's weapon attacks are magical., Innate Spellcasting, The pit fiend's spellcasting ability is Charisma (spell save DC 21). The pit fiend can innately cast the following spells, requiring no material components:
At will: detect magic, fireball
3/day each: hold monster, wall of fire. Actions available: Multiattack, The pit fiend makes four attacks: one with its bite, one with its claw, one with its mace, and one with its tail., Bite, Melee Weapon Attack: +14 to hit, reach 5 ft., one target. Hit: 22 (4d6 + 8) piercing damage. The target must succeed on a DC 21 Constitution saving throw or become poisoned. While poisoned in this way, the target can't regain hit points, and it takes 21 (6d6) poison damage at the start of each of its turns. The poisoned target can repeat the saving throw at the end of each of its turns, ending the effect on itself on a success., Claw, Melee Weapon Attack: +14 to hit, reach 10 ft., one target. Hit: 17 (2d8 + 8) slashing damage., Mace, Melee Weapon Attack: +14 to hit, reach 10 ft., one target. Hit: 15 (2d6 + 8) bludgeoning damage plus 21 (6d6) fire damage., Tail, Melee Weapon Attack: +14 to hit, reach 10 ft., one target. Hit: 24 (3d10 + 8) bludgeoning damage.."
./assets/gynosphinx.jpg,"The Gynosphinx is a monstrosity. It has an Armor Class of 17 and 136 Hit Points. Its speed is walk: 40 ft., fly: 60 ft.. Its characteristics are STR 18, DEX 15, CON 16, INT 18, WIS 18, and CHA 18. It has saving throw proficiencies in none. Damage resistances include bludgeoning, piercing, and slashing from nonmagical weapons, and condition immunities include Charmed, Frightened. Its senses are truesight: 120 ft., passive perception: 18 and it speaks Common, Sphinx. It has a Challenge Rating of 11. Special traits include: Inscrutable, The sphinx is immune to any effect that would sense its emotions or read its thoughts, as well as any divination spell that it refuses. Wisdom (Insight) checks made to ascertain the sphinx's intentions or sincerity have disadvantage., Magic Weapons, The sphinx's weapon attacks are magical., Spellcasting, The sphinx is a 9th-level spellcaster. Its spellcasting ability is Intelligence (spell save DC 16, +8 to hit with spell attacks). It requires no material components to cast its spells. The sphinx has the following wizard spells prepared:

- Cantrips (at will): mage hand, minor illusion, prestidigitation
- 1st level (4 slots): detect magic, identify, shield
- 2nd level (3 slots): darkness, locate object, suggestion
- 3rd level (3 slots): dispel magic, remove curse, tongues
- 4th level (3 slots): banishment, greater invisibility
- 5th level (1 slot): legend lore. Actions available: Multiattack, The sphinx makes two claw attacks., Claw, Melee Weapon Attack: +9 to hit, reach 5 ft., one target. Hit: 13 (2d8 + 4) slashing damage.."
./assets/swarm-of-bats.jpg,"The Swarm of Bats is a swarm of Tiny beasts. It has an Armor Class of 12 and 22 Hit Points. Its speed is walk: 0 ft., fly: 30 ft.. Its characteristics are STR 5, DEX 15, CON 10, INT 2, WIS 12, and CHA 4. It has saving throw proficiencies in none. Damage resistances include bludgeoning, piercing, slashing, and condition immunities include Charmed, Frightened, Grappled, Paralyzed, Petrified, Prone, Restrained, Stunned. Its senses are blindsight: 60 ft., passive perception: 11 and it speaks none. It has a Challenge Rating of 0.25. Special traits include: Echolocation, The swarm can't use its blindsight while deafened., Keen Hearing, The swarm has advantage on Wisdom (Perception) checks that rely on hearing., Swarm, The swarm can occupy another creature's space and vice versa, and the swarm can move through any opening large enough for a Tiny bat. The swarm can't regain hit points or gain temporary hit points.. Actions available: Bites, Melee Weapon Attack: +4 to hit, reach 0 ft., one creature in the swarm's space. Hit: 5 (2d4) piercing damage, or 2 (1d4) piercing damage if the swarm has half of its hit points or fewer.."
./assets/giant-octopus.jpg,"The Giant Octopus is a beast. It has an Armor Class of 11 and 52 Hit Points. Its speed is walk: 10 ft., swim: 60 ft.. Its characteristics are STR 17, DEX 13, CON 13, INT 4, WIS 10, and CHA 4. It has saving throw proficiencies in none. Damage resistances include none, and condition immunities include none. Its senses are darkvision: 60 ft., passive perception: 14 and it speaks none. It has a Challenge Rating of 1. Special traits include: Hold Breath, While out of water, the octopus can hold its breath for 1 hour., Underwater Camouflage, The octopus has advantage on Dexterity (Stealth) checks made while underwater., Water Breathing, The octopus can breathe only underwater.. Actions available: Tentacles, Melee Weapon Attack: +5 to hit, reach 15 ft., one target. Hit: 10 (2d6 + 3) bludgeoning damage. If the target is a creature, it is grappled (escape DC 16). Until this grapple ends, the target is restrained, and the octopus can't use its tentacles on another target., Ink Cloud, A 20-foot-radius cloud of ink extends all around the octopus if it is underwater. The area is heavily obscured for 1 minute, although a significant current can disperse the ink. After releasing the ink, the octopus can use the Dash action as a bonus action.."
./assets/bulette.jpg,"The Bulette is a monstrosity. It has an Armor Class of 17 and 94 Hit Points. Its speed is walk: 40 ft., burrow: 40 ft.. Its characteristics are STR 19, DEX 11, CON 21, INT 2, WIS 10, and CHA 5. It has saving throw proficiencies in none. Damage resistances include none, and condition immunities include none. Its senses are darkvision: 60 ft., tremorsense: 60 ft., passive perception: 16 and it speaks none. It has a Challenge Rating of 5. Special traits include: Standing Leap, The bulette's long jump is up to 30 ft. and its high jump is up to 15 ft., with or without a running start.. Actions available: Bite, Melee Weapon Attack: +7 to hit, reach 5 ft., one target. Hit: 30 (4d12 + 4) piercing damage., Deadly Leap, If the bulette jumps at least 15 ft. as part of its movement, it can then use this action to land on its feet in a space that contains one or more other creatures. Each of those creatures must succeed on a DC 16 Strength or Dexterity saving throw (target's choice) or be knocked prone and take 14 (3d6 + 4) bludgeoning damage plus 14 (3d6 + 4) slashing damage. On a successful save, the creature takes only half the damage, isn't knocked prone, and is pushed 5 ft. out of the bulette's space into an unoccupied space of the creature's choice. If no unoccupied space is within range, the creature instead falls prone in the bulette's space.."
./assets/ancient-black-dragon.jpg,"The Ancient Black Dragon is a dragon. It has an Armor Class of 22 and 367 Hit Points. Its speed is walk: 40 ft., fly: 80 ft., swim: 40 ft.. Its characteristics are STR 27, DEX 14, CON 25, INT 16, WIS 15, and CHA 19. It has saving throw proficiencies in DEX, CON, WIS, CHA. Damage resistances include none, and condition immunities include none. Its senses are blindsight: 60 ft., darkvision: 120 ft., passive perception: 26 and it speaks Common, Draconic. It has a Challenge Rating of 21. Special traits include: Amphibious, The dragon can breathe air and water., Legendary Resistance, If the dragon fails a saving throw, it can choose to succeed instead.. Actions available: Multiattack, The dragon can use its Frightful Presence. It then makes three attacks: one with its bite and two with its claws., Bite, Melee Weapon Attack: +15 to hit, reach 15 ft., one target. Hit: 19 (2d10 + 8) piercing damage plus 9 (2d8) acid damage., Claw, Melee Weapon Attack: +15 to hit, reach 10 ft., one target. Hit: 15 (2d6 + 8) slashing damage., Tail, Melee Weapon Attack: +15 to hit, reach 20 ft., one target. Hit: 17 (2d8 + 8) bludgeoning damage., Frightful Presence, Each creature of the dragon's choice that is within 120 feet of the dragon and aware of it must succeed on a DC 19 Wisdom saving throw or become frightened for 1 minute. A creature can repeat the saving throw at the end of each of its turns, ending the effect on itself on a success. If a creature's saving throw is successful or the effect ends for it, the creature is immune to the dragon's Frightful Presence for the next 24 hours., Acid Breath, The dragon exhales acid in a 90-foot line that is 10 feet wide. Each creature in that line must make a DC 22 Dexterity saving throw, taking 67 (15d8) acid damage on a failed save, or half as much damage on a successful one.."
./assets/chain-devil.jpg,"The Chain Devil is a fiend. It has an Armor Class of 16 and 85 Hit Points. Its speed is walk: 30 ft.. Its characteristics are STR 18, DEX 15, CON 18, INT 11, WIS 12, and CHA 14. It has saving throw proficiencies in CON, WIS, CHA. Damage resistances include cold, bludgeoning, piercing, and slashing from nonmagical weapons that aren't silvered, and condition immunities include Poisoned. Its senses are darkvision: 120 ft., passive perception: 11 and it speaks Infernal, telepathy 120 ft.. It has a Challenge Rating of 8. Special traits include: Devil's Sight, Magical darkness doesn't impede the devil's darkvision., Magic Resistance, The devil has advantage on saving throws against spells and other magical effects.. Actions available: Multiattack, The devil makes two attacks with its chains., Chain, Melee Weapon Attack: +8 to hit, reach 10 ft., one target. Hit: 11 (2d6 + 4) slashing damage. The target is grappled (escape DC 14) if the devil isn't already grappling a creature. Until this grapple ends, the target is restrained and takes 7 (2d6) piercing damage at the start of each of its turns., Animate Chains, Up to four chains the devil can see within 60 feet of it magically sprout razor-edged barbs and animate under the devil's control, provided that the chains aren't being worn or carried.
Each animated chain is an object with AC 20, 20 hit points, resistance to piercing damage, and immunity to psychic and thunder damage. When the devil uses Multiattack on its turn, it can use each animated chain to make one additional chain attack. An animated chain can grapple one creature of its own but can't make attacks while grappling. An animated chain reverts to its inanimate state if reduced to 0 hit points or if the devil is incapacitated or dies.."
./assets/ochre-jelly.jpg,"The Ochre Jelly is a ooze. It has an Armor Class of 8 and 45 Hit Points. Its speed is walk: 10 ft., climb: 10 ft.. Its characteristics are STR 15, DEX 6, CON 14, INT 2, WIS 6, and CHA 1. It has saving throw proficiencies in none. Damage resistances include acid, and condition immunities include Blinded, Charmed, Blinded, Exhaustion, Frightened, Prone. Its senses are blindsight: 60 ft. (blind beyond this radius), passive perception: 8 and it speaks none. It has a Challenge Rating of 2. Special traits include: Amorphous, The jelly can move through a space as narrow as 1 inch wide without squeezing., Spider Climb, The jelly can climb difficult surfaces, including upside down on ceilings, without needing to make an ability check.. Actions available: Pseudopod, Melee Weapon Attack: +4 to hit, reach 5 ft., one target. Hit: 9 (2d6 + 2) bludgeoning damage plus 3 (1d6) acid damage.."
./assets/dust-mephit.jpg,"The Dust Mephit is a elemental. It has an Armor Class of 12 and 17 Hit Points. Its speed is walk: 30 ft., fly: 30 ft.. Its characteristics are STR 5, DEX 14, CON 10, INT 9, WIS 11, and CHA 10. It has saving throw proficiencies in none. Damage resistances include none, and condition immunities include Poisoned. Its senses are darkvision: 60 ft., passive perception: 12 and it speaks Auran, Terran. It has a Challenge Rating of 0.5. Special traits include: Death Burst, When the mephit dies, it explodes in a burst of dust. Each creature within 5 ft. of it must then succeed on a DC 10 Constitution saving throw or be blinded for 1 minute. A blinded creature can repeat the saving throw on each of its turns, ending the effect on itself on a success., Innate Spellcasting, The mephit can innately cast sleep, requiring no material components. Its innate spellcasting ability is Charisma.. Actions available: Claws, Melee Weapon Attack: +4 to hit, reach 5 ft., one creature. Hit: 4 (1d4 + 2) slashing damage., Blinding Breath, The mephit exhales a 15-foot cone of blinding dust. Each creature in that area must succeed on a DC 10 Dexterity saving throw or be blinded for 1 minute. A creature can repeat the saving throw at the end of each of its turns, ending the effect on itself on a success.."
./assets/merfolk.jpg,"The Merfolk is a humanoid. It has an Armor Class of 11 and 11 Hit Points. Its speed is walk: 10 ft., swim: 40 ft.. Its characteristics are STR 10, DEX 13, CON 12, INT 11, WIS 11, and CHA 12. It has saving throw proficiencies in none. Damage resistances include none, and condition immunities include none. Its senses are passive perception: 12 and it speaks Aquan, Common. It has a Challenge Rating of 0.125. Special traits include: Amphibious, The merfolk can breathe air and water.. Actions available: Spear, Melee or Ranged Weapon Attack: +2 to hit, reach 5 ft. or range 20/60 ft., one target. Hit: 3 (1d6) piercing damage, or 4 (1d8) piercing damage if used with two hands to make a melee attack.."
./assets/dragon-turtle.jpg,"The Dragon Turtle is a dragon. It has an Armor Class of 20 and 341 Hit Points. Its speed is walk: 20 ft., swim: 40 ft.. Its characteristics are STR 25, DEX 10, CON 20, INT 10, WIS 12, and CHA 12. It has saving throw proficiencies in DEX, CON, WIS. Damage resistances include fire, and condition immunities include none. Its senses are darkvision: 120 ft., passive perception: 11 and it speaks Aquan, Draconic. It has a Challenge Rating of 17. Special traits include: Amphibious, The dragon turtle can breathe air and water.. Actions available: Multiattack, The dragon turtle makes three attacks: one with its bite and two with its claws. It can make one tail attack in place of its two claw attacks., Bite, Melee Weapon Attack: +13 to hit, reach 15 ft., one target. Hit: 26 (3d12 + 7) piercing damage., Claw, Melee Weapon Attack: +13 to hit, reach 10 ft., one target. Hit: 16 (2d8 + 7) slashing damage., Tail, Melee Weapon Attack: +13 to hit, reach 15 ft., one target. Hit: 26 (3d12 + 7) bludgeoning damage. If the target is a creature, it must succeed on a DC 20 Strength saving throw or be pushed up to 10 feet away from the dragon turtle and knocked prone., Steam Breath, The dragon turtle exhales scalding steam in a 60-foot cone. Each creature in that area must make a DC 18 Constitution saving throw, taking 52 (15d6) fire damage on a failed save, or half as much damage on a successful one. Being underwater doesn't grant resistance against this damage.."
./assets/adult-silver-dragon.jpg,"The Adult Silver Dragon is a dragon. It has an Armor Class of 19 and 243 Hit Points. Its speed is walk: 40 ft., fly: 80 ft.. Its characteristics are STR 27, DEX 10, CON 25, INT 16, WIS 13, and CHA 21. It has saving throw proficiencies in DEX, CON, WIS, CHA. Damage resistances include none, and condition immunities include none. Its senses are blindsight: 60 ft., darkvision: 120 ft., passive perception: 21 and it speaks Common, Draconic. It has a Challenge Rating of 16. Special traits include: Legendary Resistance, If the dragon fails a saving throw, it can choose to succeed instead.. Actions available: Multiattack, The dragon can use its Frightful Presence. It then makes three attacks: one with its bite and two with its claws., Bite, Melee Weapon Attack: +13 to hit, reach 10 ft., one target. Hit: 19 (2d10 + 8) piercing damage., Claw, Melee Weapon Attack: +13 to hit, reach 5 ft., one target. Hit: 15 (2d6 + 8) slashing damage., Tail, Melee Weapon Attack: +13 to hit, reach 15 ft., one target. Hit: 17 (2d8 + 8) bludgeoning damage., Frightful Presence, Each creature of the dragon's choice that is within 120 feet of the dragon and aware of it must succeed on a DC 18 Wisdom saving throw or become frightened for 1 minute. A creature can repeat the saving throw at the end of each of its turns, ending the effect on itself on a success. If a creature's saving throw is successful or the effect ends for it, the creature is immune to the dragon's Frightful Presence for the next 24 hours., Breath Weapons, The dragon uses one of the following breath weapons.
Cold Breath. The dragon exhales an icy blast in a 60-foot cone. Each creature in that area must make a DC 20 Constitution saving throw, taking 58 (13d8) cold damage on a failed save, or half as much damage on a successful one.
Paralyzing Breath. The dragon exhales paralyzing gas in a 60-foot cone. Each creature in that area must succeed on a DC 20 Constitution saving throw or be paralyzed for 1 minute. A creature can repeat the saving throw at the end of each of its turns, ending the effect on itself on a success.."
./assets/druid.jpg,"The Druid is a humanoid. It has an Armor Class of 11, 16 and 27 Hit Points. Its speed is walk: 30 ft.. Its characteristics are STR 10, DEX 12, CON 13, INT 12, WIS 15, and CHA 11. It has saving throw proficiencies in none. Damage resistances include none, and condition immunities include none. Its senses are passive perception: 14 and it speaks Druidic plus any two languages. It has a Challenge Rating of 2. Special traits include: Spellcasting, The druid is a 4th-level spellcaster. Its spellcasting ability is Wisdom (spell save DC 12, +4 to hit with spell attacks). It has the following druid spells prepared:

- Cantrips (at will): druidcraft, produce flame, shillelagh
- 1st level (4 slots): entangle, longstrider, speak with animals, thunderwave
- 2nd level (3 slots): animal messenger, barkskin. Actions available: Quarterstaff,  Melee Weapon Attack: +2 to hit (+4 to hit with shillelagh), reach 5 ft., one target. Hit: 3 (1d6) bludgeoning damage, 4 (1d8) bludgeoning damage if wielded with two hands, or 6 (1d8 + 2) bludgeoning damage with shillelagh.."
./assets/fire-elemental.jpg,"The Fire Elemental is a elemental. It has an Armor Class of 13 and 102 Hit Points. Its speed is walk: 50 ft.. Its characteristics are STR 10, DEX 17, CON 16, INT 6, WIS 10, and CHA 7. It has saving throw proficiencies in none. Damage resistances include bludgeoning, piercing, and slashing from nonmagical weapons, and condition immunities include Exhaustion, Grappled, Paralyzed, Petrified, Poisoned, Prone, Restrained, Unconscious. Its senses are darkvision: 60 ft., passive perception: 10 and it speaks Ignan. It has a Challenge Rating of 5. Special traits include: Fire Form, The elemental can move through a space as narrow as 1 inch wide without squeezing. A creature that touches the elemental or hits it with a melee attack while within 5 ft. of it takes 5 (1d10) fire damage. In addition, the elemental can enter a hostile creature's space and stop there. The first time it enters a creature's space on a turn, that creature takes 5 (1d10) fire damage and catches fire; until someone takes an action to douse the fire, the creature takes 5 (1d10) fire damage at the start of each of its turns., Illumination, The elemental sheds bright light in a 30-foot radius and dim light in an additional 30 ft.., Water Susceptibility, For every 5 ft. the elemental moves in water, or for every gallon of water splashed on it, it takes 1 cold damage.. Actions available: Multiattack, The elemental makes two touch attacks., Touch, Melee Weapon Attack: +6 to hit, reach 5 ft., one target. Hit: 10 (2d6 + 3) fire damage. If the target is a creature or a flammable object, it ignites. Until a creature takes an action to douse the fire, the target takes 5 (1d10) fire damage at the start of each of its turns.."
./assets/couatl.jpg,"The Couatl is a celestial. It has an Armor Class of 19 and 97 Hit Points. Its speed is walk: 30 ft., fly: 90 ft.. Its characteristics are STR 16, DEX 20, CON 17, INT 18, WIS 20, and CHA 18. It has saving throw proficiencies in CON, WIS, CHA. Damage resistances include radiant, and condition immunities include none. Its senses are truesight: 120 ft., passive perception: 15 and it speaks all, telepathy 120 ft.. It has a Challenge Rating of 4. Special traits include: Innate Spellcasting, The couatl's spellcasting ability is Charisma (spell save DC 14). It can innately cast the following spells, requiring only verbal components:

At will: detect evil and good, detect magic, detect thoughts
3/day each: bless, create food and water, cure wounds, lesser restoration, protection from poison, sanctuary, shield
1/day each: dream, greater restoration, scrying, Magic Weapons, The couatl's weapon attacks are magical., Shielded Mind, The couatl is immune to scrying and to any effect that would sense its emotions, read its thoughts, or detect its location.. Actions available: Bite, Melee Weapon Attack: +8 to hit, reach 5 ft., one creature. Hit: 8 (1d6 + 5) piercing damage, and the target must succeed on a DC 13 Constitution saving throw or be poisoned for 24 hours. Until this poison ends, the target is unconscious. Another creature can use an action to shake the target awake., Constrict, Melee Weapon Attack: +6 to hit, reach 10 ft., one Medium or smaller creature. Hit: 10 (2d6 + 3) bludgeoning damage, and the target is grappled (escape DC 15). Until this grapple ends, the target is restrained, and the couatl can't constrict another target., Change Shape, The couatl magically polymorphs into a humanoid or beast that has a challenge rating equal to or less than its own, or back into its true form. It reverts to its true form if it dies. Any equipment it is wearing or carrying is absorbed or borne by the new form (the couatl's choice).
In a new form, the couatl retains its game statistics and ability to speak, but its AC, movement modes, Strength, Dexterity, and other actions are replaced by those of the new form, and it gains any statistics and capabilities (except class features, legendary actions, and lair actions) that the new form has but that it lacks. If the new form has a bite attack, the couatl can use its bite in that form.."
./assets/ice-mephit.jpg,"The Ice Mephit is a elemental. It has an Armor Class of 11 and 21 Hit Points. Its speed is walk: 30 ft., fly: 30 ft.. Its characteristics are STR 7, DEX 13, CON 10, INT 9, WIS 11, and CHA 12. It has saving throw proficiencies in none. Damage resistances include none, and condition immunities include Poisoned. Its senses are darkvision: 60 ft., passive perception: 12 and it speaks Aquan, Auran. It has a Challenge Rating of 0.5. Special traits include: Death Burst, When the mephit dies, it explodes in a burst of jagged ice. Each creature within 5 ft. of it must make a DC 10 Dexterity saving throw, taking 4 (1d8) slashing damage on a failed save, or half as much damage on a successful one., False Appearance, While the mephit remains motionless, it is indistinguishable from an ordinary shard of ice., Innate Spellcasting, The mephit can innately cast fog cloud, requiring no material components. Its innate spellcasting ability is Charisma.. Actions available: Claws, Melee Weapon Attack: +3 to hit, reach 5 ft., one creature. Hit: 3 (1d4 + 1) slashing damage plus 2 (1d4) cold damage., Frost Breath, The mephit exhales a 15-foot cone of cold air. Each creature in that area must succeed on a DC 10 Dexterity saving throw, taking 5 (2d4) cold damage on a failed save, or half as much damage on a successful one.."
./assets/goblin.jpg,"The Goblin is a humanoid. It has an Armor Class of 15 and 7 Hit Points. Its speed is walk: 30 ft.. Its characteristics are STR 8, DEX 14, CON 10, INT 10, WIS 8, and CHA 8. It has saving throw proficiencies in none. Damage resistances include none, and condition immunities include none. Its senses are darkvision: 60 ft., passive perception: 9 and it speaks Common, Goblin. It has a Challenge Rating of 0.25. Special traits include: Nimble Escape, The goblin can take the Disengage or Hide action as a bonus action on each of its turns.. Actions available: Scimitar, Melee Weapon Attack: +4 to hit, reach 5 ft., one target. Hit: 5 (1d6 + 2) slashing damage., Shortbow, Ranged Weapon Attack: +4 to hit, range 80/320 ft., one target. Hit: 5 (1d6 + 2) piercing damage.."
./assets/mummy-lord.jpg,"The Mummy Lord is a undead. It has an Armor Class of 17 and 97 Hit Points. Its speed is walk: 20 ft.. Its characteristics are STR 18, DEX 10, CON 17, INT 11, WIS 18, and CHA 16. It has saving throw proficiencies in CON, INT, WIS, CHA. Damage resistances include none, and condition immunities include Charmed, Exhaustion, Frightened, Paralyzed, Poisoned. Its senses are darkvision: 60 ft., passive perception: 14 and it speaks the languages it knew in life. It has a Challenge Rating of 15. Special traits include: Magic Resistance, The mummy lord has advantage on saving throws against spells and other magical effects., Rejuvenation, A destroyed mummy lord gains a new body in 24 hours if its heart is intact, regaining all its hit points and becoming active again. The new body appears within 5 feet of the mummy lord's heart., Spellcasting, The mummy lord is a 10th-level spellcaster. Its spellcasting ability is Wisdom (spell save DC 17, +9 to hit with spell attacks). The mummy lord has the following cleric spells prepared:

- Cantrips (at will): sacred flame, thaumaturgy
- 1st level (4 slots): command, guiding bolt, shield of faith
- 2nd level (3 slots): hold person, silence, spiritual weapon
- 3rd level (3 slots): animate dead, dispel magic
- 4th level (3 slots): divination, guardian of faith
- 5th level (2 slots): contagion, insect plague
- 6th level (1 slot): harm. Actions available: Multiattack, The mummy can use its Dreadful Glare and makes one attack with its rotting fist., Rotting Fist, Melee Weapon Attack: +9 to hit, reach 5 ft., one target. Hit: 14 (3d6 + 4) bludgeoning damage plus 21 (6d6) necrotic damage. If the target is a creature, it must succeed on a DC 16 Constitution saving throw or be cursed with mummy rot. The cursed target can't regain hit points, and its hit point maximum decreases by 10 (3d6) for every 24 hours that elapse. If the curse reduces the target's hit point maximum to 0, the target dies, and its body turns to dust. The curse lasts until removed by the remove curse spell or other magic., Dreadful Glare, The mummy lord targets one creature it can see within 60 feet of it. If the target can see the mummy lord, it must succeed on a DC 16 Wisdom saving throw against this magic or become frightened until the end of the mummy's next turn. If the target fails the saving throw by 5 or more, it is also paralyzed for the same duration. A target that succeeds on the saving throw is immune to the Dreadful Glare of all mummies and mummy lords for the next 24 hours.."
./assets/pegasus.jpg,"The Pegasus is a celestial. It has an Armor Class of 12 and 59 Hit Points. Its speed is walk: 60 ft., fly: 90 ft.. Its characteristics are STR 18, DEX 15, CON 16, INT 10, WIS 15, and CHA 13. It has saving throw proficiencies in DEX, WIS, CHA. Damage resistances include none, and condition immunities include none. Its senses are passive perception: 16 and it speaks understands Celestial, Common, Elvish, and Sylvan but can't speak. It has a Challenge Rating of 2. Special traits include: . Actions available: Hooves, Melee Weapon Attack: +6 to hit, reach 5 ft., one target. Hit: 11 (2d6 + 4) bludgeoning damage.."
./assets/phase-spider.jpg,"The Phase Spider is a monstrosity. It has an Armor Class of 13 and 32 Hit Points. Its speed is walk: 30 ft., climb: 30 ft.. Its characteristics are STR 15, DEX 15, CON 12, INT 6, WIS 10, and CHA 6. It has saving throw proficiencies in none. Damage resistances include none, and condition immunities include none. Its senses are darkvision: 60 ft., passive perception: 10 and it speaks none. It has a Challenge Rating of 3. Special traits include: Ethereal Jaunt, As a bonus action, the spider can magically shift from the Material Plane to the Ethereal Plane, or vice versa., Spider Climb, The spider can climb difficult surfaces, including upside down on ceilings, without needing to make an ability check., Web Walker, The spider ignores movement restrictions caused by webbing.. Actions available: Bite, Melee Weapon Attack: +4 to hit, reach 5 ft., one creature. Hit: 7 (1d10 + 2) piercing damage, and the target must make a DC 11 Constitution saving throw, taking 18 (4d8) poison damage on a failed save, or half as much damage on a successful one. If the poison damage reduces the target to 0 hit points, the target is stable but poisoned for 1 hour, even after regaining hit points, and is paralyzed while poisoned in this way.."
./assets/adult-black-dragon.jpg,"The Adult Black Dragon is a dragon. It has an Armor Class of 19 and 195 Hit Points. Its speed is walk: 40 ft., fly: 80 ft., swim: 40 ft.. Its characteristics are STR 23, DEX 14, CON 21, INT 14, WIS 13, and CHA 17. It has saving throw proficiencies in DEX, CON, WIS, CHA. Damage resistances include none, and condition immunities include none. Its senses are blindsight: 60 ft., darkvision: 120 ft., passive perception: 21 and it speaks Common, Draconic. It has a Challenge Rating of 14. Special traits include: Amphibious, The dragon can breathe air and water., Legendary Resistance, If the dragon fails a saving throw, it can choose to succeed instead.. Actions available: Multiattack, The dragon can use its Frightful Presence. It then makes three attacks: one with its bite and two with its claws., Bite, Melee Weapon Attack: +11 to hit, reach 10 ft., one target. Hit: 17 (2d10 + 6) piercing damage plus 4 (1d8) acid damage., Claw, Melee Weapon Attack: +11 to hit, reach 5 ft., one target. Hit: 13 (2d6 + 6) slashing damage., Tail, Melee Weapon Attack: +11 to hit, reach 15 ft., one target. Hit: 15 (2d8 + 6) bludgeoning damage., Frightful Presence, Each creature of the dragon's choice that is within 120 feet of the dragon and aware of it must succeed on a DC 16 Wisdom saving throw or become frightened for 1 minute. A creature can repeat the saving throw at the end of each of its turns, ending the effect on itself on a success. If a creature's saving throw is successful or the effect ends for it, the creature is immune to the dragon's Frightful Presence for the next 24 hours., Acid Breath, The dragon exhales acid in a 60-foot line that is 5 feet wide. Each creature in that line must make a DC 18 Dexterity saving throw, taking 54 (12d8) acid damage on a failed save, or half as much damage on a successful one.."
